-- phpMyAdmin SQL Dump
-- version 5.0.4
-- https://www.phpmyadmin.net/
--
-- Host: 127.0.0.1
-- Generation Time: Feb 24, 2021 at 11:02 PM
-- Server version: 10.4.16-MariaDB
-- PHP Version: 7.4.12

SET SQL_MODE = "NO_AUTO_VALUE_ON_ZERO";
START TRANSACTION;
SET time_zone = "+00:00";


/*!40101 SET @OLD_CHARACTER_SET_CLIENT=@@CHARACTER_SET_CLIENT */;
/*!40101 SET @OLD_CHARACTER_SET_RESULTS=@@CHARACTER_SET_RESULTS */;
/*!40101 SET @OLD_COLLATION_CONNECTION=@@COLLATION_CONNECTION */;
/*!40101 SET NAMES utf8mb4 */;

--
-- Database: `faridepc78`
--

-- --------------------------------------------------------

--
-- Table structure for table `contact`
--

CREATE TABLE `contact` (
  `id` bigint(20) UNSIGNED NOT NULL,
  `user_name` varchar(255) COLLATE utf8mb4_unicode_ci NOT NULL,
  `user_email` varchar(255) COLLATE utf8mb4_unicode_ci NOT NULL,
  `user_mobile` varchar(255) COLLATE utf8mb4_unicode_ci NOT NULL,
  `user_ip` varchar(255) COLLATE utf8mb4_unicode_ci NOT NULL,
  `know` varchar(255) COLLATE utf8mb4_unicode_ci NOT NULL,
  `text` longtext COLLATE utf8mb4_unicode_ci NOT NULL,
  `status` enum('read','unread') COLLATE utf8mb4_unicode_ci NOT NULL,
  `created_at` timestamp NULL DEFAULT NULL,
  `updated_at` timestamp NULL DEFAULT NULL
) ENGINE=InnoDB DEFAULT CHARSET=utf8mb4 COLLATE=utf8mb4_unicode_ci;

--
-- Dumping data for table `contact`
--

INSERT INTO `contact` (`id`, `user_name`, `user_email`, `user_mobile`, `user_ip`, `know`, `text`, `status`, `created_at`, `updated_at`) VALUES
(1, 'فرید شیشه بری', 'faridnewepc78@gmail.com', '09162154221', '127.0.0.1', 'سایت', 'سلام فرید خوبی ؟', 'unread', '2021-02-22 22:11:40', '2021-02-22 22:11:40');

-- --------------------------------------------------------

--
-- Table structure for table `contact_info`
--

CREATE TABLE `contact_info` (
  `id` bigint(20) UNSIGNED NOT NULL,
  `name` varchar(255) COLLATE utf8mb4_unicode_ci NOT NULL,
  `val` varchar(255) COLLATE utf8mb4_unicode_ci NOT NULL,
  `link` varchar(255) COLLATE utf8mb4_unicode_ci NOT NULL,
  `text` varchar(255) COLLATE utf8mb4_unicode_ci NOT NULL,
  `image_id` bigint(20) UNSIGNED DEFAULT NULL,
  `created_at` timestamp NULL DEFAULT NULL,
  `updated_at` timestamp NULL DEFAULT NULL
) ENGINE=InnoDB DEFAULT CHARSET=utf8mb4 COLLATE=utf8mb4_unicode_ci;

--
-- Dumping data for table `contact_info`
--

INSERT INTO `contact_info` (`id`, `name`, `val`, `link`, `text`, `image_id`, `created_at`, `updated_at`) VALUES
(1, 'شماره موبایل', '09362161236', 'tel:09362161236', 'اگر زنگ زدین و جواب ندادم، پیامک بدید؛ خودم سر فرصت جواب میدم', 81, '2021-02-18 17:13:05', '2021-02-18 17:13:05'),
(2, 'تلگرام', '@ABP1236', 'http://t.me/ABP1236', 'معمولاً همیشه تلگرام دارم. می‌تونید پیام بدید. ممکنه دیر جواب بدم. ولی جواب میدم', 82, '2021-02-18 17:13:38', '2021-02-18 17:13:38'),
(3, 'ایمیل', 'ABP.Bahrami@gmail.com', 'mailto:abp.bahrami@gmail.com', 'ایمیل هم بدید بد نیست. می‌خونم و جواب میدم', 83, '2021-02-18 17:14:07', '2021-02-18 17:18:16'),
(4, 'ایمیل اصلیم', 'ABP@AminBahrami.ir', 'mailto:ABP@AminBahrami.ir', 'یهو دیدین گوگل تحریممون کرد :-) می‌تونید به این ایمیلم پیام بفرستید', 84, '2021-02-18 17:16:36', '2021-02-18 17:16:36'),
(5, 'لینکدین', '@ABP1236', 'http://www.linkedin.com/in/ABP1236', 'لینکدین هم بد نیست اگر کسی خواست کانکت بشه', 85, '2021-02-18 17:17:15', '2021-02-18 17:17:15'),
(6, 'توییتر', '@ABP1236', 'http://www.twitter.com/ABP1236', 'هنوز از توییتر خوشم نیومده. شاید بعداً خوشم بیاد. ولی قولتون نمی‌دم :-)', 86, '2021-02-18 17:17:46', '2021-02-18 17:17:46');

-- --------------------------------------------------------

--
-- Table structure for table `customer`
--

CREATE TABLE `customer` (
  `id` bigint(20) UNSIGNED NOT NULL,
  `name` varchar(255) COLLATE utf8mb4_unicode_ci NOT NULL,
  `from` varchar(255) COLLATE utf8mb4_unicode_ci NOT NULL,
  `text` text COLLATE utf8mb4_unicode_ci NOT NULL,
  `created_at` timestamp NULL DEFAULT NULL,
  `updated_at` timestamp NULL DEFAULT NULL
) ENGINE=InnoDB DEFAULT CHARSET=utf8mb4 COLLATE=utf8mb4_unicode_ci;

--
-- Dumping data for table `customer`
--

INSERT INTO `customer` (`id`, `name`, `from`, `text`, `created_at`, `updated_at`) VALUES
(1, 'فرشید', 'کالیفرنیا', 'بنده از کیفیت و سرعت کار آقای بهرامی بسیار راضی هستم و همیشه به بهترین شکل ممکن پروژه‌های ما را انجام داده‌اند. پروژه‌هایی که برای شرکت‌های برنامه نویسی در انگلیس دو ماه طول می‌کشید، آقای بهرامی با سرعت بسیار زیاد و با کیفیت بسیار عالی، در کمتر از 3 هفته انجام داده‌اند.', '2021-02-18 17:06:12', '2021-02-18 17:06:12'),
(2, 'دکتر خلفی نژاد', 'بخش شیمی دانشگاه شیراز', 'بدین وسیله از حضرتعالی که با نهایت تلاش و پشتکار در راستای تامین نیازهای مطرح شده در خصوص سامانه‌ی «شصتمین سال بنیانگذاری بخش شیمی و سی‌امین سال راه اندازی دوره‌ی دکتری دانشگاه شیراز» و همچنین همکاری صمیمانه و صادقانه‌ای که در جهت ارائه‌ی خدمات فنی مورد نیاز این مجموعه داشته‌اید، تقدیر و تشکر به عمل می‌آید؛ بدین وسیله رضایت کامل خود را ارائه خدمات فنی کامل براساس نیازهای این مجموعه از سوی شما را اعلام می‌داریم.', '2021-02-18 17:06:35', '2021-02-18 17:06:35'),
(3, 'عادل اخکندی', 'مدیر سایت فرا کنکور', 'بنده از آقای بهرامی کمال تشکر را دارم که همواره کنار ما بودند و با صبر و حوصله بسیار، به بررسی مشکلات و بهبود فعایل سایت ما پرداختند و همیشه همکاری صمیمانه‌ای را با ما داشته‌اند.', '2021-02-18 17:06:55', '2021-02-18 17:06:55');

-- --------------------------------------------------------

--
-- Table structure for table `expertise`
--

CREATE TABLE `expertise` (
  `id` bigint(20) UNSIGNED NOT NULL,
  `name` varchar(255) COLLATE utf8mb4_unicode_ci NOT NULL,
  `slug` varchar(255) COLLATE utf8mb4_unicode_ci NOT NULL,
  `image_id` bigint(20) UNSIGNED DEFAULT NULL,
  `text` longtext COLLATE utf8mb4_unicode_ci NOT NULL,
  `created_at` timestamp NULL DEFAULT NULL,
  `updated_at` timestamp NULL DEFAULT NULL
) ENGINE=InnoDB DEFAULT CHARSET=utf8mb4 COLLATE=utf8mb4_unicode_ci;

--
-- Dumping data for table `expertise`
--

INSERT INTO `expertise` (`id`, `name`, `slug`, `image_id`, `text`, `created_at`, `updated_at`) VALUES
(1, 'ES6', 'es6', 1, '<p>ECMAScript 6 رو بخوام توضیح بدم، می&zwnj;تونم بگم که همون جاوا اسکریپت هست. ولی نسخه جدید جاوا اسکریپت. این نسخه بسیار قدرتمندتر شده و کد نویسی رو راحت&zwnj;تر، لذت&zwnj;بخش&zwnj;تر، استانداردتر و ... می&zwnj;کنه. البته تا الان بیشتر سمت سرور داره استفاده می&zwnj;شه. چون مرورگرهای قدیمی هنوز پشتیبانیش نمی&zwnj;کنن. دست رو دلم نزار که خونه. مخصوصاً اینترنت اکسپلورر که همیشه ساز مخالف می&zwnj;زنه.</p>\r\n\r\n<p>با استفاده از ECMAScript 6 امکانات بیشتری داریم توی کدنویسی. مثلاً:</p>\r\n\r\n<ul>\r\n	<li>شی گرایی استاندارد و قدرتمند با کلاس&zwnj;ها</li>\r\n	<li>ماژولار کردن و مدیریت بهتر فایل&zwnj;ها و Library و ...</li>\r\n	<li>متدهای جدیدتر</li>\r\n	<li>Promiseها</li>\r\n	<li>امکانات تعریف توابع و ...</li>\r\n</ul>\r\n\r\n<p>&nbsp;</p>\r\n\r\n<p>من نمی&zwnj;خوام بصورت تخصصی توضیح بدم. سعی&zwnj;کردم یه کم راحت همه چیز رو توضیح بدم. اگه می&zwnj;خواید بیشتر در مورد ECMAScript 6 بدونید، اول در مورد جاوا اسکریپت که نوشتم بخونید که بدونید چی به چیه. بعد بیاید سراغ این.</p>', '2021-02-18 13:13:48', '2021-02-18 13:13:48'),
(2, 'SCSS', 'scss', 2, '<p>SCSS یا SASS رو بخوام توضیح خیلی ساده بدم، می&zwnj;تونم بگم که کدنویسی ساده&zwnj;تر، اصولی&zwnj;تر و سریعتر CSS هست. ما وقتی که می&zwnj;خوایم یه سایتی رو برنامه نویسی کنیم، استایل&zwnj;های زیادی استفاده می&zwnj;کنیم؛ اگر بخوایم که اصولی هم کدنویسی کنیم، مجبوریم که کلاس&zwnj;هایی رو هم کپی کنیم. (البته اسمشون) و به ترتیب بریم جلو که اشتباه نکنیم. خب توی روش عادی کدنویسی که با CSS انجام می&zwnj;دیم، زمان خیلی زیادی رو از دست می&zwnj;دیم. شاید بعضی وقت&zwnj;ها که داریم میبینیم زمانمون رو داریم از دست میدیم و داره تلف میشه، ترجیح می&zwnj;دادیم که یه کم غیراصولی کدنویسی کنیم.</p>\r\n\r\n<p>ولی بعد از اینکه SCSS معرفی شد، دیگه کدنویسی CSS هم خیلی راحت&zwnj;تر شده. یعنی کد تکراری دیگه نیازی نیست بنویسیم. همه چیز قابل فهم&zwnj;تر شده. تازه پوستم هم لطیف&zwnj;تر شده :-)<br />\r\nما توی SCSS اگر می&zwnj;بینیم که از یه ساختار کدی زیاد داریم استفاده می&zwnj;کنیم، می&zwnj;تونیم به تابع یا همون mixin تبدیلش کنیم. و هر جایی که نیاز بود فقط صداش بزنیم. البته هر چند که خروجی&zwnj;ای که SCSS تولید می&zwnj;کنه، دقیقاً همون CSS هست. ولی ما کاری نداریم خروجی چی هست. ما فقط با SCSS کار می&zwnj;کنیم.</p>\r\n\r\n<p>توی SCSS خطایابی&zwnj;هامون هم راحت&zwnj;تر شده. یکی از امکانات بسیار مهمی که بهمون داده، امکان تعریف متغیر هست. مثلاً فرض کنید توی حالت ساده همون CSS، مشتری از ما خواسته که یه سایتی رو براش طراحی کنیم. خب. سایت رو طراحی کردیم. بعد از یک سال یا اصلاً همون روز اول، مشتری میگه از این رنگ قالب سایت دیگه خوشم نمیاد. مثلاً سبزه. میگه نارنجیش کن. خب. توی حالت CSS ساده که قبلاً می&zwnj;نوشتیم، مجبور بودیم توی چند هزار خط کد بریم ببینیم کجا از رنگ سیز استفاده کردیم، تبدیلش کنیم به نارنجی. خب. این کار زمانبر بود و احتمال اشتباه هم توش زیاد بود.<br />\r\nولی توی SCSS ما چون می&zwnj;تونیم متغیر تعریف کنیم، همون اول کار یه متغیر تعریف می&zwnj;کنیم مثلاً به اسم MainColor. یعنی رنگ اصلی. اینجا بهش رنگ سبز می&zwnj;دیم. هر جایی که نیاز داشتیم از این متغیره استفاده می&zwnj;کنیم. حالا مشتری اگر بخواد که رنگ همه جا رو از سبز به هر رنگ دیگه&zwnj;ای تبدیل کنه، فقط کافیه که ما یک جا رو تغییر بدیم. دیگه همه جا خودش عوض میشه.</p>\r\n\r\n<p>سعی کردم خیلی راحت توضیح بدم که SCSS چیه و چه فایده&zwnj;ای داره.</p>', '2021-02-18 13:14:59', '2021-02-18 13:14:59'),
(3, 'Decryption', 'decryption', 3, '<p>رمزگشایی یه مبحثی هست که خیلی دوست دارم. منظورم رمزگشایی و مهندسی معکوس اپلیکیشن&zwnj;ها و برنامه&zwnj;ها هست. یه موضوع بسیار جذابی هست برای من. مرحله به مرحله پیش میریم و وقتی که موفق میشیم که رمزنگاری یک برنامه یا اپلیکیشن رو بدست بیاریم، احساس قدرت می&zwnj;کنیم.</p>\r\n\r\n<p>مثلاً یه نرم افزاری هست که یک سری امکاناتی به ما میده. ولی ما می&zwnj;خوایم که اون امکان رو توی نرم افزار خودمون داشته باشیم. پس با رمزگشایی اون و بدست آوردن الگوریتمش، می&zwnj;تونیم هر کاری که خواستیم انجام بدیم.</p>\r\n\r\n<p>هر نرم افزاری رو میشه رمزگشایی کرد. حالا بعضی نرم افزارها پیچیدش میکنن که نتونیم. ولی در هر صورت امکان پذیر هست. ممکنه زمان بیشتری از ما بگیره، ولی در هر صورت می&zwnj;تونیم&nbsp;رمزگشایی اون رو بدست بیاریم و شکستش بدیم.</p>', '2021-02-18 13:15:30', '2021-02-18 13:15:30'),
(4, 'درگاه بانکی', 'banking-portal', 4, '<p>درگاه&zwnj;های بانکی به منظور خرید راحت&zwnj;تر و سریعتر کاربران از سایت&zwnj;ها ارائه شده. مثلاً من الان توی سایت خودم یه درگاه بانکی گذاشتم. البته هم درگاه بانک ایرانی و هم درگاه بانک جهانی که مشتریام از همه جا بتونن پرداخت&zwnj;های خودشون رو انجام بدن. یعنی نیازی به حضور فیزیکی در بانک&zwnj;ها نیست و خیلی راحت می&zwnj;تونن پرداخت&zwnj;های خودشون رو انجام بدن.</p>\r\n\r\n<p>درگاه&zwnj;های بانکی بانک&zwnj;های مختلف با هم فرق دارن. هم از نظر ظاهری، هم از نظر ساختاری و هم از نظر کد نویسی. پس اگر می&zwnj;خواید که درگاه بانکی روی سایت یا اپلیکیشن اندروید خودتون داشته باشید، اول باید بانکی که می&zwnj;خواید ازش درگاه بگیرید رو مشخص کنید و مطمئناً هم باید اونجا حساب بانکی داشته باشید. بعد از اینکه حساب بانکی داشتید، می&zwnj;تونید درخواست بدید تا برای سایتتون درگاه بانکی ارائه بشه. (توسط بانک)<br />\r\nدیگه بقیه مراحل اتصال سایت یا اپلیکیشن به درگاه بانکی رو برنامه نویس انجام می&zwnj;ده.</p>', '2021-02-18 13:16:16', '2021-02-21 05:15:01'),
(5, 'SMS', 'sms', 5, '<p>پیامک رو که همه ما می&zwnj;شناسیم. بعضی وقت&zwnj;ها سایت&zwnj;ها یا اپلیکیشن&zwnj;ها برای مواردی خاص نیاز به ارسال و یا دریافت پیامک دارند. مثلاً می&zwnj;خوان که بعد از اینکه خریدی توی سایتشون انجام میشه، به خریدار یه پیامکی ارسال بشه. یا مثلاً تنظیم کنیم که روز تولدش براش پیامک بره و تبریک بگه. یا اینکه کسی توی سایت ثبت نام کرده و می&zwnj;خوایم مطمئن بشیم که شماره تلفن همراهی که وارد کرده معتبر است یا نه. پس فقط کافیه که یه کدی رو براش ارسال کنیم و ازش بخوایم که اون کد رو توی سایت وارد کنه. اینطوری می&zwnj;تونیم مطئمن بشیم که کاربر مزاحم نیست و قصدش ثبت نام و استفاده از سایت هست. البته بعضی مواقع هم نیازه که به جای اینکه از طرف سایت پیامک ارسال بشه، خود کاربر کدی رو به سایت پیامک کنه که اعتبار سنجی بشه. اینطوری هزینه ارسال پیامک هم بر عهده سایت نیست.</p>\r\n\r\n<p>همین الان هم که شما دارید از حساب بانکیتون استفاده می&zwnj;کنید، برای تراکنش&zwnj;ها و کارهایی که روی حساب بانکی شما داره انجام می&zwnj;شه، پیامکی بصورت خودکار انجام ارسال میشه. خب برنامه نویس&zwnj;ها هم می&zwnj;تونن همین سرویس&zwnj;ها رو برای سایت&zwnj;ها و یا اپلیکیشن&zwnj;های شما انجام بدن و سایت شما رو به امکان ارسال و دریافت پیامک مجهز کنن.</p>', '2021-02-18 13:16:49', '2021-02-18 13:16:49'),
(6, 'XML', 'xml', 6, '<p>Xml مخفف Extensible Markup Language و زبانیست که برای محیط وب طراحی شده است. طراحان XML آن را با مفاهیم HTML کامل نموده&zwnj;اند . XML هیچ تگی ندارد و شما می&zwnj;توانید با توجه به نیاز خود بر اساس قوانین موجود، تگ مورد نیاز خود را تعریف نمایید. در واقع XML یه ابر زبان است که شما را قادر می&zwnj;سازد آنچه نیاز دارید را تعریف کنید.</p>\r\n\r\n<p>نکته بسیار مهم که باید متذکر شد این است که XML برای محتواست نه برای نمایش. تگ هایی که تعریف می&zwnj;کنید برای سازماندهی داده&zwnj;های شما استفاده می&zwnj;شود نه برای نمایش آن&zwnj;ها؛ در واقع با تعریف تگ&zwnj;های مفهومی می&zwnj;توانید اطلاعاتی را به سند خود اضافه نمایید؛ دقیقاً بر خلاف HTML که برای نمایش داده&zwnj;ها به کار می&zwnj;رود.</p>\r\n\r\n<p>با این حال XML جانشینی برای HTML نخواهد بود. XML برای توصیف، ذخیره و ارسال داده&zwnj;هاست؛ اما HTML برای نمایش آن هاست.</p>\r\n\r\n<p><strong>برخی از ویژگی های XML</strong></p>\r\n\r\n<ul>\r\n	<li>XML مستقل و توسعه پذیر است. شما در XML، خودتان تگ&zwnj;ها را تعریف می&zwnj;کنید و تگ&zwnj;ها از پیش تعریف شده نیست.</li>\r\n	<li>XML برای مبادله داده استفاده می&zwnj;شود. از آنجایی که XML به صورت متنی می&zwnj;باشد و از سخت افزار و نرم افزار جدا است، برای انتقال داده بین سیستم&zwnj;های ناسازگار می&zwnj;تواند استفاده شود .</li>\r\n	<li>با ساختار ساده&zwnj;ای که XML دارد، داده می&zwnj;تواند در کاربردهای زیادی مورد استفاده قرار گیرد.</li>\r\n</ul>', '2021-02-18 13:17:24', '2021-02-18 13:17:24'),
(7, 'JSON', 'json', 7, '<p>جی&zwnj;سن (JSON) که برخی جی&zwnj;سان و جی&zwnj;سون نیز تلفظ می&zwnj;کنند، مخفف کلمه JavaScript Object Notation بوده و یک استاندارد باز است که با ساختاری خوانا برای انسان و هم ماشین، می&zwnj;توان اطلاعات و داده&zwnj;های مختلف از جمله داده&zwnj;های یک دیتابیس را با استفاده از آن، بین عوامل مختلف مثلاً مرورگر کاربر و یک سایت منتقل کرد یا در فضای ذخیره سازی، آن را ذخیره نمود.</p>\r\n\r\n<p>یکی از مهمترین کاربردهای JSON، استفاده از آن در تکنولوژی AJAX است. Ajax تکنولوژی&zwnj;ای است که با استفاده از زبان جاوا اسکریپت، درخواست&zwnj;هایی به سرور وبسایت ارسال می&zwnj;کند و بدون نیاز به تغییر آدرس صفحه یا بارگذاری مجدد آن، تغییراتی را در صفحه ایجاد می&zwnj;کند. به این ترتیب صفحاتی پویا یا داینامیک خواهیم داشت. درست است که در Ajaxهمانطور که از نامش (Asynchronous JavaScript and XML) هم پیداست، اطلاعات رد و بدل شده در قالب XML انجام می&zwnj;پذیرد اما از زمان معرفی JSON، قالب مورد استفاده از XML به JSON تغییر داده شد.</p>\r\n\r\n<p>به دلیل مزایای جی&zwnj;سن نسبت به XML، JSON نه تنها در جاوا اسکریپت بلکه در سایر زبان&zwnj;ها نیز استفاده می&zwnj;شود. یعنی به عبارت دیگر JSON یک محتوای متنی است که به زبانی وابسته نیست و تقریباً در اکثر زبان&zwnj;ها از جمله PHP، C#، C++، C، ASP.NET، Java و بسیاری از زبان&zwnj;های دیگر قابل تولید و تجزیه&zwnj;سازی و همینطور برای انسان به راحتی قابل نوشتن و خواندن است.</p>', '2021-02-18 13:17:59', '2021-02-18 13:17:59'),
(8, 'Socket IO', 'socket-io', 8, '<p>Socket.IO یک کتابخانه قدرتمند برای وب اپیلیکیشن&zwnj;ها است که یک ارتباط بلادرنگ و دوجهته بین کلاینت و سرور برقرار می&zwnj;کند و دارای دو قسمت است. یکی کتابخانه سمت کلاینت که در مرورگر اجرا می&zwnj;شود و یک کتابخانه سمت سرور بر پایه Node.JS.<br />\r\nSocket.IO در اصل یک رابط برای پروتکل WebSocket است نه یک کتابخانه برای آن؛ در اصل یک پرتوکل انتقال سفارشی شده روی پروتکل&zwnj;های بلادرنگ دیگر است که یکسری قابلیت&zwnj;های بیشتر از قبیل ارسال پخشی به چندین سوکت، ذخیره داده&zwnj;های هر کلاینت و ارتباط نامتقارن را فراهم کرده است.</p>\r\n\r\n<p>یک مثال ساده بزنم که بهتر متوجه بشید. همتون تلگرام یا واتساپ و ... رو دیدین. یعنی به محض اینکه کاری انجام می&zwnj;دیم یا پیامی رو می&zwnj;فرستیم، سریع به دست گیرنده می&zwnj;رسه و سریع جوابش میاد که گیرنده پیام شما رو خونده. یعنی سرعت ارسال و دریافت اطلاعات بسیار بالا هست و بهش میگیم ارتباط بلادرنگ یا Realtime (زنده)</p>\r\n\r\n<p>وقتی از Socket به جای ارتباطات HTTP استفاده کنیم، هم سرعت کار و کیفیت کار بالاتر میره و هم فشار کمتری به سرور میاد. پس به جای اینکه چندین سرور قوی داشته باشیم و هزینه&zwnj;های زیادی بدیم، هم هزینه&zwnj;ها میاد پایین و هم نیازی به چند سرور قوی نیست و با سرورهای بسیار کمتری هم کار ما انجام میشه.</p>', '2021-02-18 13:19:03', '2021-02-18 13:19:03'),
(9, 'Visual Basic', 'visual-basic', 9, '<p>ویژوال بیسیک توسعه یافته زبان برنامه نویسی بیسیک هست. طراحی اون از اواسط دهه 1960 شروع شد. اولین زبان برنامه نویسی بود که کار کردم. زمانی که هنرستان بودم شروع کردم به یادگیری ویژوال بیسیک. اون موقع که کار می&zwnj;کردم، ویژوال بیسیک نسخه 6 بود. خیلی کارها باهاش انجام می&zwnj;دادم. درسته خیلی محدودیت داشتیم توی ویژوال بیسیک 6، ولی خیلی این زبان رو دوست داشتم. خیلی کارها رو سربع می&zwnj;تونستیم انجام بدیم.</p>\r\n\r\n<p>حتی الانم روی سیستمم نصب کردم. درسته ممکنه خیلی کم ازش استفاده&zwnj;ای کنم؛ ولی دوست دارم نصب کنم :-) ممکنه یه بار نیاز شد و سریع کارم رو باهاش انجام بدیم.</p>', '2021-02-18 13:19:39', '2021-02-18 13:19:39'),
(10, 'تدریس', 'teaching', 10, '<p>من معمولاً دوست دارم چیزایی که بلدم رو به بقیه هم یاد بدم. ولی توی آموزش بسیار سخت گیر هستم. چون هدف یادگیری هست و وقت تلف کردن معنی&zwnj;ای نداره. مثل کلاس&zwnj;های بیرون نیستم که می&zwnj;خوان مدرک بدن و کیفیت کلاس براشون زیاد مهم نیست.</p>\r\n\r\n<p>تا الان کلاس&zwnj;هایی که گذاشتم بچه&zwnj;هایی که بودن کاملاً راضی بودن. البته چیزی که خودشون گفتن اینه. اگه دروغ گفتن دیگه پای خودشون :-) روش تدریس من با کلاس&zwnj;های بیرون فرق می&zwnj;کنه. کاملاً دوستانه، همراه با شوخی هست. اینطوری کلاً یادگیری هم افزایش پیدا می&zwnj;کنه. عاغا من قانونم اینه توی تدریس :-) هرجایی هم بخوام کلاسی برگزار کنم روز اول بهشون می&zwnj;گم که روش تدریسم اینطوریه و اگر مشکلی دارن من شرمنده اخلاق ورزشیشون هستم. :-)</p>\r\n\r\n<p>خب می&zwnj;رسیم به سخت گیری&zwnj;های من توی تدریس. سر وقت اومدن سرکلاس بسیار مهمه برام. اگر شما 5 دقیقه دیر بیاید، ممکنه نکته مهمی رو گفته باشم که یاد نگرفته باشید. بعد همین نکته جلسات بعد براتون مجهول&zwnj;تر میشه و باعث میشه چیزای دیگه رو هم یاد نگیرید و هم وقت خودتون تلف می&zwnj;شه و هم وقت من و کلاس. پس 3 بار تأخیر شما بشه 4امین بار، دیگه شرمنده اخلاق ورزشیتون و دیگه باهاتون خداحافظی میشه.</p>\r\n\r\n<p>مطالبی که توی کلاس بهتون آموزش میدم رو ممکنه جلسات بعد ازتون تمرینی بخوام که باید انجام بدید. اگر مشکلی دارید باید همون اول بهم بگید و باهام هماهنگ کنید. نه اینکه روز کلاس بیاید بگید انجام ندادم و برقمون رفته و دفترم گم شده و ... :-D (یادی کردم از دوران ابتدایی)</p>', '2021-02-18 13:20:24', '2021-02-18 13:20:24'),
(11, 'Windows', 'windows', 11, '<p>کار با ویندوز از دید همه خیلی راحته. ولی خب اگر بخوایم بصورت تخصصی بگیم، خیلی چیزا هست توی ویندوز که خیلی&zwnj;ها بلد نیستن و شاید حتی اسمش رو هم نشنیدن. بعضی وقت&zwnj;ها ممکنه کاری انجام بدیم که نیاز باشه تخصص خاصی رو توی ویندوز داشته باشیم و یا اینکه بدونیم اصلاً همچین چیزی وجود داره. پس باید دانشمون رو توی ویندوز و کار تخصصی با اون افزایش بدیم.</p>\r\n\r\n<p>توی کار با ویندوز و یا سیستم عامل&zwnj;های دیگه نباید اصلاً ترس داشته باشیم. کامپیوترمون که منفجر نمیشه. فوقش یه ویندوز عوض می&zwnj;کنیم دوباره. پس باید هر کاری دوست دارید توی ویندوز انجام بدید تا باعث بشه چیزای بیشتری یاد بگیرید. توی اینترنت سرچ کنید ترفندهای ویندوز. یا باز هم سرچ کنید کار تخصصی با ویندوز و ... . هر چیزی توی زمینه کامپیوتر یاد بگیرید بهتون کمک می&zwnj;کنه.</p>', '2021-02-18 13:22:37', '2021-02-18 13:22:37'),
(12, 'Office', 'office', 12, '<p>مجموعه&zwnj;ی نرم افزاری آفیس رو مطمئناً همتون اسمشو شنیدین. مثل Word، Excel، Power Point و ... . یک نفر برنامه نویس باید با نرم افزارهای زیادی کار کرده باشه و آشنایی&zwnj;ای هم داشته باشه. هر چند که کم باشه. ممکنه بگید نرم افزارهای آفیس خیلی راحته و همه بلدند که باهاش کار کنن :-) ولی اصلاً اینطور نیست. بعضی از امکانات آفیس هست که اصلاً شما اسمش رو هم نشنیدین و نمی&zwnj;دونید که اصلاً کارش چیه. خود منم هم همینطور هستم. نمی&zwnj;گم که کامل بلد هستم.</p>\r\n\r\n<p>توی بعضی پروژه&zwnj;ها ممکنه نیاز باشه که از مجموعه آفیس هم استفاده کنیم برای توسعه پروژه و یا راحت شدن کار و یا رفع نیازهامون. مثلاً میتونه خروجی ما فایل اکسل باشه یا فایل وورد باشه و ... . بعضی وقت&zwnj;ها ممکنه نیاز باشه که یک سری اطلاعات از فایل اکسل خونده بشه و بصورت خودکار داخل دیتابیس ذخیره بشه و یا برعکس. بعضی وقت&zwnj;ها ممکنه نیاز باشه که اطلاعات آماری و نموداری رو بصورت خروجی اکسل یا حتی وورد به کاربر بدیم.<br />\r\nیا حتی ممکنه کارهای تخصصی&zwnj;تری هم روی فایل&zwnj;ها و ساختار فایل&zwnj;ها نیاز باشه انجام بدیم.</p>\r\n\r\n<p>پس باید با مجموعه آفیس آشنایی کافی داشته باشیم و حتی نیاز هست که از ساختار فایل&zwnj;های آفیس هم اطلاعاتی داشته باشیم.</p>', '2021-02-18 13:23:14', '2021-02-18 13:23:14'),
(13, 'SQLite', 'sqlite', 13, '<p>SQLite یک برنامه مدیریت بانک اطلاعاتی مبتنی بر زبان استاندارد SQL می&zwnj;باشد که این پایگاه داده به صورت Open Source عرضه شده است. بر خلاف مدل&zwnj;های مرسوم بانک اطلاعاتی (همانند اوراکل، MySQL ،SQL Server و &hellip;) که به صورت Client/Server می&zwnj;باشند و نیازمند نصب و پیکربندی هستند، SQLite یک برنامه مدیریت بانک اطلاعاتی مستقل از سیستم عامل و بدون نیاز به نصب و پیکربندی است.</p>\r\n\r\n<p>به عبارتي SQLite یک پایگاه داده کوچک که با استفاده از زبان C در قالب یک کتابخانه (Library) نوشته شده است و از پایگاه داده های RDBMS به حساب می&zwnj;آید. این پایگاه داده بدون لیسانس (Public Domain)، آزاد و Open Source منتشر شده است.</p>', '2021-02-18 13:23:58', '2021-02-18 13:23:58'),
(14, 'Photoshop', 'photoshop', 14, '<p>بصورت حرفه&zwnj;ای با فتوشاپ بلد نیستم کار کنم. ولی در حد نیازی که دارم می&zwnj;تونم کارهایی رو انجام بدم. البته قراره یکی از دوستان بصورت حرفه&zwnj;ای کار با فتوشاپ رو بهم یاد بده.<br />\r\nبرنامه نویس&zwnj;ها باید کار با فتوشاپ و یا سایر ابزارها رو بلد باشن. نمی&zwnj;گم بصورت خیلی حرفه&zwnj;ای. در حد نیازی که دارن باید یاد بگیرن تا کارهاشون رو سریعتر و بهتر انجام بدن.</p>\r\n\r\n<p>مثلاً برنامه نویس&zwnj;های وب و اپلیکیشن از گرافیست فقط یه فایل PSD می&zwnj;گیرن. دیگه باید اینو تبدیل کنن به کدنویسی. بعضی جاها نیاز که کد رنگ هر قسمت رو بردارن. بعضی جاها نیاز که حتی تکه&zwnj;ای از عکس رو بردارن و ذخیره کنن و یا حتی مقدار سایه&zwnj;ی هر کدوم از المنت&zwnj;ها رو بدونن. پس باید در حد کارهایی هم که انجام می&zwnj;دن و نیاز میشه، بلد باشن با فتوشاپ کار کنن.</p>', '2021-02-18 13:24:45', '2021-02-18 13:24:45'),
(15, 'ربات تلگرام', 'telegram-robot', 15, '<p>ربات تلگرام که تقریباً برای همه آشنا هست. بعضی شرکت&zwnj;ها و یا پروژه&zwnj;ها و &hellip;&nbsp;نباز به ربات تلگرام دارن. زیاد توضیح نمیدم.</p>\r\n\r\n<p>ولی کلاً هر چیزی نیاز باشه می&zwnj;تونم برنامه نویسی کنم. بعداً متن اینا رو کامل میکنم</p>', '2021-02-18 13:27:53', '2021-02-18 13:27:53'),
(16, 'CSS3', 'css3', 16, '<p>همونطور که توی آموزش مربوط به HTML5 توضیحات مختصری دادم، CSS که الان نسخه 3 اون آخرین نسخه هست، در برای ظاهر استفاده میشه. HTML5 برای اسکلت&zwnj;بندی سایت بود، و CSS3 هم برای ظاهر. مثلاً ما می&zwnj;گیم هر کدوم از تکه&zwnj;های اسکلت کجا باید قرار بگیره. اندازش چقدر باشه. رنگش چطوری باشه. موقعی که بچه هست چطوری باشه و موقعی که بزرگ شد چطوری باشه ظاهرش. منظورم همون رسپانسیو هست که بعداً توی بخش خودش توضیح میدم بهتون.</p>\r\n\r\n<p>قبلاً که نسخه&zwnj;های قبلی CSS بود، ما برنامه نویس&zwnj;ها (البته اگر بشه گفت که برنامه نویس هستم) خیلی محدود بودیم توی طراحی. برای یه ظاهر خیلی ساده مجبور بودیم عکس استفاده کنیم. خب استفاده زیاد از عکس و کیفیت سایت رو پایین میاره و تعداد درخواست&zwnj;ها سمت سرور زیاد میشه. البته هر چند میشد تعداد درخواست&zwnj;های سرور رو کم کرد با روش&zwnj;هایی؛ ولی همچنان مشکل داشتیم. دیگه مجبور بودیم که از عکس استفاده کنیم و دردسرهای زیاد بکشیم و زمان و هزینه&zwnj;ی زیادی صرف بشه.</p>\r\n\r\n<p>بعد از اینکه CSS3 اومد، کار برنامه نویسی هم راحت&zwnj;تر شد. منظورم اینه که امکاناتی رو به ما داد که دیگه نیاز نبود کدهای خیلی زیادتری بنویسیم و یا از راه&zwnj;های غیراصولی استفاده کنیم. خیلی راحت میشه گرافیک&zwnj;هایی که داریم رو به بهینه&zwnj;ترین روش ممکن تبدیل کنیم به کدنویسی و قالب سایت یا نرم افزار. البته به برنامه نویسش هم مربوط میشه. ممکنه ضعیف باشه و نتونه از امکاناتش استفاده کنه. :-)</p>\r\n\r\n<p>خب. پس شد HTML برای اسکلت&zwnj;بندی سایت استفاده میشه و CSS برای مرتب کردن و کنار هم قرار دادن و ظاهر و رنگ و ... استفاده می&lrm;شه :-)</p>', '2021-02-18 13:28:25', '2021-02-18 13:28:25'),
(17, 'JavaScript', 'javascript', 17, '<p>خب بخوام خیلی ساده بگم که جاوا اسکریپت چیه: جاوا اسکریپت زبان کدنویسی بسیار قوی هست که هم سمت کاربر (مرورگر) استفاده میشه، هم سمت سرور و ... . خیلی سریع داره پیشرفت می&zwnj;کنه و طرفدارهای بسیار زیادی داره.</p>\r\n\r\n<p>من فعلاً در مورد سمت کلاینتش (مرورگر) یه توضیح کلی میدم. قبلاً گفتیم که HTML برای اسکلت&zwnj;بندی سایت استفاده میشه. CSS هم برای مرتب کردن و کنار هم قرار دادن و ظاهر و ... استفاده میشه. خب فرض می&zwnj;کنیم ما آدمی که می&zwnj;خواستیم رو ساختیم. یه آدم خوش&zwnj;چهره، مرتب، خوش تیپ :-). خب. حالا آدمه هیچ کاری انجام نمیده. برای خودش مثل مجسمه یه جا وایساده. هرچی دستشو می&zwnj;گیرید میکشید حرکت نمی&zwnj;کنه. مشت می&zwnj;زنید تو صورتش کاری نمی&zwnj;کنه. انگار خدابیامرز شده. :-) خب. جاوا اسکریپت کارش اینجا معنی پیدا می&zwnj;کنه. کار جاوا اسکریپت سمت مرورگر اینه که به درخواست&zwnj;ها و کارهایی که کاربر انجام میده جواب بده. مثلاً وقتی روی یه چیزی کلیک می&zwnj;کنه یه کاری انجام بشه. اگر یه فرم ثبت نامی رو پر می&zwnj;کنه، بررسی بشه و بهش بگه که مثلاً فلان اطلاعات رو درست وارد نکردی. یا پیامی رو بهش نشون بده و ... . در اصل کار تعامل بین کاربر و مرورگر رو جاوا اسکریپت داره انجام میده.</p>\r\n\r\n<p>با مثال اون آدمه که ساختیم بخوام توضیح بدم؛ به آدمه میگیم &quot;سلام&quot;. اونم در جواب میگه، &quot;علیک سلام&quot;. بهش می&zwnj;گیم راه برو، اونم راه میره. بهش می&zwnj;گیم برو برامون نون بگیر، میره میگیره :-)<br />\r\nپس وظیفه جاوا اسکریپت شد، تعامل بین کاربر و مرورگر.</p>', '2021-02-18 13:29:09', '2021-02-18 13:29:09'),
(18, 'PHP', 'php', 18, '<p>اصلاً نگید PHP. بگید ماه. زبان برنامه نویسی که برای سایت و سمت سروراستفاده میشه. بسیار قدرتمند، راحت، سریع و ... . نمی&zwnj;خوام از فواید PHP توضیح بدم. سعی می&zwnj;کنم فقط معرفیش کنم.</p>\r\n\r\n<p>ما وقتی سایتی رو می&zwnj;نویسیم، چیزی که کاربر داره میبینه، همون HTML، CSS، JavaScript، عکس و چیزای دیگه هست. ولی مغز اصلی رو که همه اینا رو مدیریت می&zwnj;کنه رو نمی&zwnj;تونیم ببینیم. PHP برای اینکه ریا نشه، همه کارارو خودش انجام میده و نتیجه رو میده دست مرورگر. میگه اینو به کاربر نشون بده. اصلاً هم نمی&zwnj;خوام که کاربر بدونه من همه این کارارو انجام دادم.</p>\r\n\r\n<p>قبل از اینکه مثال بزنم بزارید یه نکته&zwnj;ای رو بگم. &quot;هر چیزی که کاربر داره توی یه سایتی می&zwnj;بینه، قابل ذخیره کردن یا دستکاری کردن رو داره&quot;<br />\r\nاین چیزی که گفتم یعنی چی؟ یه مثال. فرض کنید شما می&zwnj;خواید یه فیلمی رو از طرف یوتیوب دانلود کنید. هر کاری می&zwnj;کنید نمیشه. ولی من میگم میشه. چون شما اون رو دیدید. پس هر چیزی که شما دارید می&zwnj;بینید قابل دانلود و ذخیره کردن هست. حالا ممکنه یوتیوب کاری کنه که به راحتی نشه دانلودش کرد؛ ولی هر کاری کنه باز هم راهی هست که بشه دورش زد.</p>\r\n\r\n<p>خب گفتم هر چیزی که میبینیم رو می&zwnj;تونیم دستکاری کنیم. ولی چون PHP داره سمت سرور اجرا میشه و ما فقط نتیجشو داریم می&zwnj;بینیم، دیگه کاربر نمی&zwnj;تونه دستکاریش کنه. چون کاربر فقط داره نتیجه رو می&zwnj;بینه. خیلی از سایت&zwnj;ها به این نکته توجه نمی&zwnj;کنن که کاربر می&zwnj;تونه هر چیزی رو که میبینه دستکاری کنه. پس سمت سرور رو دیگه چک نمی&zwnj;کنن. مثلاً سایت&zwnj;های دانشگاه&zwnj;ها معمولاً 90 درصدشون هک میشه. چون این نکته رو رعایت نکردن. خیلی از سایت&zwnj;های دولتی هم همین مشکل رو داره.</p>\r\n\r\n<p>خب خلاصه&zwnj;وار بخوام توضیح بدم در مورد PHP، یه زبان کد نویسی سمت سرور هست که درخواست&zwnj;های کاربر رو از طرف مرورگر می&zwnj;گیره و پردازش می&zwnj;کنه، ذخیره می&zwnj;کنه و کلی کارای دیگه روش انجام می&zwnj;ده و بعد نتیجه رو برمیگردونه به کاربر.</p>', '2021-02-18 13:30:01', '2021-02-18 13:30:01'),
(19, 'MySQL', 'mysql', 19, '<p>وقتی ما سایتی رو داریم باز می&zwnj;کنیم، مطالبی رو به ما نشون میده. مثلاً سایت خبری رو که باز می&zwnj;کنیم، هر ثانیه اخبار زیادی داره منتشر میشه، کاربرها از اون اخبار و مطالب بازدید می&zwnj;کنند، می&zwnj;تونن نظر بدن. می&zwnj;تونن لایک کنن و کلی کارای دیگه.</p>\r\n\r\n<p>خب همه این اطلاعات باید جایی ذخیره بشه که سایت بتونه اونا رو نشون بده. کاربر بتونه اونا رو ببینه، نظر بده و ... . محل ذخیره سازی این اطلاعات رو بهش می&zwnj;گیم دیتابیس یا همون پایگاه داده. دیتابیس&zwnj;های مختلفی وجود داره. یکیش MySQL هست. از MySQL بیشتر توی PHP استفاده می&zwnj;کنیم. مای اسکیوال امکاناتی رو به ما میده که برای سایت&zwnj;هایی که می&zwnj;خوایم بنویسیم کارمون رو باهاش انجام بدیم. البته نسخه قوی&zwnj;تر مای اسکیوال هست که رایگان نیست و امکانات بسیار بیشتری رو بهمون میده و قدرتمند هم هست. ولی ما معمولاً از همون نسخه رایگان استفاده می&zwnj;کنیم و نیازمون رو هم برطرف می&zwnj;کنه</p>', '2021-02-18 13:30:40', '2021-02-18 13:30:40'),
(20, 'SQL Server', 'sql-server', 20, '<p>وقتی ما سایت یا نرم افزاری رو داریم استفاده می&zwnj;کنیم، یکسری اطلاعاتی رو به ما نشون میده یا ذخیره می&zwnj;کنه و ... . مثلاً همین بانک&zwnj;ها، نرم افزارها و ... .<br />\r\nخب همه این اطلاعات باید جایی ذخیره بشه که سایت بتونه اونا رو نشون بده. کاربر بتونه اونا رو ببینه، نظر بده و ... . محل ذخیره سازی این اطلاعات رو بهش می&zwnj;گیم دیتابیس یا همون پایگاه داده. دیتابیس&zwnj;های مختلفی وجود داره. یکیش SQL Sever هست. از SQL Server بیشتر توی محصولاتی که با ویندوز سازگار هست و یا با زبان&zwnj;های برنامه نویسی مایکروسافتی نوشته میشه استفاده می&zwnj;کنیم. اسکیوال سرور امکانات بسیار قوی داره که برای پروژه&zwnj;های بزرگ می&zwnj;تونیم ازشون استفاده کنیم. البته رایگان نیست. امکانات مدیریت دیتابیس، بهینه سازی دیتابیس، دیتابیس&zwnj;های توزیع شده و ... رو ما به راحتی می&zwnj;تونیم توی اسکیوال سرور انجام بدیم.</p>', '2021-02-18 13:32:09', '2021-02-18 13:32:09'),
(21, 'JQuery', 'jquery', 21, '<p>همونطورکه قبلاً در مورد جاوا اسکریپت بهتون توضیح دادم، وقتی بخوایم تعاملی بین کاربر و سایت (مرورگر) انجام بدیم، از جاوا اسکریپت استفاده می&zwnj;کنیم. خب کار با جاوا اسکریپت خیلی خوبه. دستمون بازه که کارهایی که می&zwnj;خوایم رو انجام بدیم. ولی خب بعضی وقت&zwnj;ها برای یه کاری باید چندین خط کدنویسی کنیم. شاید اینطوری برنامه نویس بیچاره خسته بشه خو :-)</p>\r\n\r\n<p>جی کوئری اومد گفت من کارهای زیادی که معمولاً توی سایت&lrm;ها انجام میده رو نوشتم قبلاً. چند هزارخط نوشتم. طوری هم نوشتم که توی مرورگرهای مختلف هم جواب میده و نمی&zwnj;خواد نگران باشید. یه مثال کوچیک. مثلاً میخوایم یکی از اشیائی که توی سایت هست، از یه جایی به جای دیگه&zwnj;ای حرکت کنه و بعد از اینکه رفت با یه افکت خاصی ناپدید بشه و ... . خب اینو بخوایم با خود جاوا اسکریپت بنویسیم ممکنه چندین خط کدنویسی بشه. ولی با جی کوئری میشه توی 2 خط کد این کارو انجام داد.</p>\r\n\r\n<p>من سعی کردم خیلی ساده توضیح بدم. یه خلاصه کلی&zwnj;تر بگم باز.<br />\r\nجی کوئری چندین هزار کد آماده هست که ما می&zwnj;تونیم توی سایت&zwnj;هایی که می&zwnj;نویسیم فقط با چند حرف و در حد یک خط کدنویسی اونا رو اجرا کنیم و دیگه نیازی نیست که همیشه از اول این کدها رو بنویسیم یا کپی کنیم. دردسرهای مرورگرهای مختلف رو هم نداریم.</p>', '2021-02-18 13:33:13', '2021-02-18 13:33:13'),
(22, 'Bootstrap', 'bootstrap', 22, '<p>Bootstrap مجموعه&zwnj;ای از ابزارهای رایگان برای ایجاد صفحات وب و نرم افزارهای تحت وب است که شامل دستورات HTML، CSS و توابع جاوا اسکریپت جهت تولید و نمایش فرم&zwnj;ها، دکمه&zwnj;ها، تب&zwnj;ها، ستون&zwnj;ها و سایر المان&zwnj;های مورد نیاز طراحی وب می&zwnj;باشد.<br />\r\nاین چارچوب یا Framework با تمامی مرورگرهای استاندارد همخوانی داشته و حتی در نسخه&zwnj;های قدیمی&zwnj;تر مانند اینترنت اکسپلورر 8 نیز ظاهر زیبای خود را حفظ می&zwnj;کند. از نسخه دوم Bootstrap به بعد طراحی واکنشگرا یا رسپانسیو نیز در آن لحاظ شد که موجب نمایش مناسب صفحه در تلفن&zwnj;های هوشمند و تبلت&zwnj;ها می&zwnj;گردد.</p>\r\n\r\n<p>شاید هنوز هم با امکانات و توانایی&zwnj;های Bootstrap بخوبی آشنا نشده باشید و یا دقیقاً متوجه کاربرد آن نشوید. در این بخش کمی ساده&zwnj;تر امکانات و توانایی&zwnj;های آن را بررسی خواهیم کرد.<br />\r\nبزرگترین مشکل طراحان وب و کدنویسان قدیمی، ایجاد ظاهری زیبا و مناسب است! بله دقیقاً مشکل اساسی اینجاست. اصول کدنویسی و ایجاد زیربنا و ساختار مناسب برای یک سایت بسیار مهم و پیچیده است؛ ولی نمایش صحیح خروجی کار و ایجاد یک فضای کاربرپسند نیز اهمیت بسیار بالایی خواهد داشت.<br />\r\nBootstrap قصد دارد که خلاء میان طراحی و کدنویسی را از میان برداشته و کدنویسان را ترغیب به استفاده از طراحی&zwnj;های پیش فرض و استاندارد نماید. به همین منظور دستورات CSS و توابع JQuery مورد نیاز را برای شما فراهم کرده است تا شما بتوانید با استفاده از دستورات پیش فرض و رعایت اصول متناسب با طراحی Bootstrap زمان راه اندازی یک پروژه را تا حد زیادی کاهش داده و خروجی آن را متناسب با استانداردهای روز دنیا پیش ببرید.</p>', '2021-02-18 13:34:16', '2021-02-18 13:34:16'),
(23, 'Responsive Design', 'responsive-design', 23, '<p>Responsive Design به معنی طراحی یک سایت برای نمایش مناسب در تمام مرورگرها و دستگاه&zwnj;های احتمالی کاربران است. در این روش ظاهر سایت با توجه به ابعاد صفحه نمایش کاربر تغییر کرده و سایر بخش&zwnj;ها متناسب با آن تنظیم میشود. شاید چند سال پیش که اثری از گوشی&zwnj;های موبایل هوشمند، تبلت و گجت&zwnj;های متنوع نبود نیازی به Responsive Design احساس نمی&zwnj;شد؛ ولی با ورود مدل&zwnj;ها و برندهای متنوع و استقبال کاربران از این دستگاه&zwnj;ها طراحی سایت نیز دچار تغییراتی اساسی و مهم شد.</p>\r\n\r\n<p>در اولین قدم سایت&zwnj;های اینترنتی برای جلب رضایت کاربرانی که با گوشی موبایل خود وارد صفحات می&zwnj;شدند اقدام به ساخت سایتی دیگر متناسب با صفحه نمایش گوشی&zwnj;های موبایل تحت عنوان نسخه موبایلی کردند و در مرحله بعدی بسیاری از سایت&zwnj;ها به ساخت نرم افزاری مخصوص برای دسترسی به محتوای سایت خود روی آوردند. ولی تجربه نشان داد که کاربران اینترنتی علاقه زیادی به این روش و تجربه مناسبی هنگام کار با نسخه&zwnj;های موبایلی سایت&zwnj;ها نداشتند.<br />\r\nدر طراحی سایت Responsive کاربرانی که با کامپیوتر شخصی یا لپ تاپ وارد سایت می&zwnj;شوند، محتوای کامل صفحه با تمام جزئیات آن را مشاهده خواهند کرد. ولی با کوچکتر شدن صفحه نمایش کاربران، بطور مثال در تبلت یا گوشی، بخش&zwnj;های غیر ضروری سایت حذف شده و فقط مهمترین قسمت&zwnj;های آن نمایش داده خواهند شد.</p>\r\n\r\n<p>Responsive Design نه تنها به کاربری سایت شما مطابق با دستگاه&zwnj;های امروزی توجه دارد، بلکه شما را برای روبرویی با هر تکنولوژی جدید و هر سایز صفحه آماده خواهد کرد. کسی به درستی نمی&zwnj;داند که در سال&zwnj;های پیش رو ابعاد صفحه تصویر گوشی&zwnj;های موبایل و تبلت&zwnj;ها بزرگتر می&zwnj;شوند یا کوچکتر، حتی ممکن است که استاندارد جدیدی برای سایز نمایشگرها معرفی شود.</p>', '2021-02-18 13:35:18', '2021-02-18 13:35:18'),
(24, 'Java', 'java', 24, '<p>جاوا یکی از زبان&zwnj;های برنامه&zwnj;نویسی برای توسعه و کدنویسی نرم&zwnj;افزارهای رایانه&zwnj;ای است. اگر شما کاربر عادی رایانه هستید، احتمالاً زمانی که یکی از برنامه&zwnj;هایتان نیازمند &laquo;محیط میزبان زبان اجرا&raquo; (یا Runtime) جاوا شده، با آن برای اولین بار آشنا شده&zwnj;اید، و به همین خاطر مجبور شدید بسته جاوا را دریافت کرده و بر روی سیستم&zwnj;عامل خود نصب و راه&zwnj;اندازی نمایید. از این محیط میزبان زبان اجرا که بگذریم، جاوا دارای افزونه&zwnj;ی مخصوصی برای مرورگرهای اینترنتی است، که برای اجرای برنامه&zwnj;هایی که با این زبان و مخصوص مرورگر نوشته شده، لازم است.</p>\r\n\r\n<p>باید توجه داشته باشید که جاوا و جاوا اسکریپت دو موضوع و مقوله&zwnj;ی متفاوت هستند. در واقع، به جز نام، این دو هیچ شباهتی به یکدیگر ندارند! جاوا اسکریپت عموماً در اسناد HTML استفاده می&zwnj;شود (صفحات وب) و نمی&zwnj;تواند به صورت یک برنامه مستقل در سیستم&zwnj;عامل اجرا شود. هر چند که نام&zwnj;گذاری و کاربردهایشان در صفحات وب می&zwnj;تواند تا حدودی کاربران را گیج کند، اما این دو از یکدیگر مجزا هستند. از این گذشته، در حالی که بخش بزرگی از صفحات موجود در وب از جاوا اسکریپت بهره می&zwnj;برند، تنها تعداد بسیار کمی از وب سایت&zwnj;ها از جاوا کمک گرفته&zwnj;اند. جاوا اسکریپ برای ایجاد صفحه&zwnj;های پویا و بسیاری از قابلیت&zwnj;های وب سایت&zwnj;های مدرن مورد استفاده قرار می&zwnj;گیرد. جاوا اسکریپت بر روی کامپیوتر کاربر اجرا می&zwnj;شود و در واقع یک زبان کلاینت بیس است.</p>', '2021-02-18 13:36:09', '2021-02-18 13:36:09'),
(25, 'Android', 'android', 25, '<p>اندروید (از یونانی، به&zwnj;معنای مرد، انسان، شبه&zwnj;آدم یا آدم&zwnj;آهنی)، یک سیستم&zwnj;عامل همراه است که گوگل برای تلفن&zwnj;های همراه و تبلت&zwnj;ها عرضه می&zwnj;کند و با همکاری ده&zwnj;ها شرکت بر روی دستگاه&zwnj;های مبتنی بر اندروید قرار می&zwnj;دهد. اندروید بر پایه&zwnj;ی هسته لینوکس ساخته شده&zwnj;است و در بین سیستم&zwnj;عامل&zwnj;های همراه بیشترین استفاده را دارد.</p>\r\n\r\n<p>نرم&zwnj;افزارهای جانبی اندرویدی با استفاده از زبان جاوا نوشته می&zwnj;شوند و برای ارتباط با لایه&zwnj;های زیرین سیستم عامل می&zwnj;توانند از کتابخانه&zwnj;های جاوایی اندروید استفاده کنند. بخش رابط کاربری سیستم عامل اندروید با زبان جاوا نوشته شده است و بسیاری از برنامه&zwnj;های اندروید هم با جاوا نوشته شده&zwnj;اند. اما این سیستم عامل، Java Virtual Machine ندارد. برای اجرای برنامه&zwnj;های جاوایی روی این سیستم عامل، کدهای جاوا به کدهای Dalvik تبدیل می&zwnj;شوند و سپس روی Dalvik vitrual machine اجرا می&zwnj;شوند. دالویک یک ماشین مجازی جاوایی است که برای سیستم عامل اندروید بهینه شده است تا هم RAM و هم CPU و هم باتری کمتری مصرف کند. برنامه&zwnj;های جاوایی معمولی هم که روی گوشی&zwnj;های دیگر اجرا می&zwnj;شوند با استفاده از نرم&zwnj;افزارهای شبیه&zwnj;ساز ماشین مجازی جاوا مانند j2ME MIDP Runner روی این سیستم عامل قابل اجرا هستند.</p>', '2021-02-18 13:36:45', '2021-02-18 13:36:45'),
(26, 'Web Service', 'web-service', 26, '<p>یک وب سرویس به معنای ساده نوعی ابزار تحت وب است.<br />\r\nاین کامپوننت به Application&zwnj;هایی که از آن استفاده می&zwnj;کنند این امکان رو میده که بتونند از متدهای این وب سرویس استفاده کنند.<br />\r\nبهتره وب سرویس رو با یک مثال توضیح بدم.<br />\r\nفرض کنید شما می&zwnj;خواید توی سایت یا اپلیکیشن خودتون، وضعیت آب و هوای مناطق جغرافیای مختلف رو داشته باشید. برای پیاده سازی چنین کاری شما دو راه دارید:<br />\r\n1- خودتون وضعیت آب و هوا رو از سایت&zwnj;های مختلف جمع آوری کنید و اونها رو توی سایت یا اپلیکیشن خودتون استفاده کنید. که البته این کار باید هر دقیقه انجام بشه. چون وضعیت آب و هوا هر لحظه داره عوض میشه.<br />\r\n2- از یه وب سرویس که آب و هوای مناطق جغرافیایی مختلف رو می&zwnj;ده استفاده کنید.</p>\r\n\r\n<p>در واقع این وب سرویس به مرکز آب و هوایی معتبری وصله که مثلاً ما اسم شهر رو بهش میدیم و اون اطلاعاتی که می&zwnj;خوایم رو بهمون برمیگردونه و ما به هر روشی که دوست داریم می&zwnj;تونیم ازش استفاده کنیم.<br />\r\nمثال دیگه&zwnj;ای که بسیار هم پرکاربرد هم هست، درگاه بانکیه. ما اگه بخوایم توی سایت یا اپلیکیشن خودمون درگاه بانکی بزاریم، خب نمی&zwnj;تونیم به صورت مستقیم به حساب بانکی مردم وصل بشیم و ازش پول کم کنیم و هرکاری دوست داریم رو انجام بدیم. پس بانک به ما یه وب سرویس درگاه بانکی میده که فقط کارایی که اجازه داریم رو انجام بدیم و نیاز به کدنویسی&zwnj;های زیادی هم نباشه.</p>', '2021-02-18 13:37:45', '2021-02-18 13:37:45'),
(27, 'Web Socket', 'web-socket', 27, '<p>وب سوکت HTML5 اولین آپگریت اصلی در تاریخ ارتباطات وبی می&zwnj;باشد. بیش از وب سوکت، تمامی ارتباطات بین کاربران و سرورها تنها برعهده HTTP بود. امروزه داده&zwnj;های داینامیک می&zwnj;تواند آزادانه بین اتصالات وب سوکتی که همواره ثابت، دوتایی و سریع هستند جریان داشته باشند.</p>\r\n\r\n<p>استانداردهای وب سوکت نسل جدیدی از اپلیکیشن&zwnj;ها را بوجود آورده است؛ درست شبیه کاری که خود وب انجام داده است. امروزه مشاغل می&zwnj;توانند از این تکنولوژی تازه منفعت ببرند و زمان کسب و کار خود را کوتاه کنند و هزینه&zwnj;های زیربنایی IT خود را کم کنند.</p>\r\n\r\n<p>هدف اصلی وب سوکت ایجاد ارتباطات کاملاً دوتایی بر روی یک کانکشن TCP است که می&zwnj;تواند هر پروتکلی را پشتیبانی کند. درحالی که وب سوکت برای مرورگرها و وب سرورها طراحی شده ولی چنان مزیتی در معماری کسب و کار دارد که استفاده از آن برای ارتباط بین کاربران و سرورهایی که از طریق اینترنت به هم متصل&zwnj;اند هر روز بیشتر و بیشتر می&zwnj;شود.</p>\r\n\r\n<p><strong>وب سوکت برای IT چه معنایی دارد؟</strong><br />\r\nفشار برای ایجاد اپلیکیشن&zwnj;هایی که بصورت هم زمان تعامل برقرار کنند از اثرات حضور وب سوکت است. راه حل هایی مثل AJAX و COMET برای اجرا روی HTTP و تقلید تعامل در همان زمان وجود دارند؛ ولی متاسفانه این تکنولوژی&zwnj;ها از HTTP به صورتی استفاده می&zwnj;کنند که اصلا برای آن طراحی نشده است و باعث ایجاد سربار می&zwnj;شود. برخلاف صفحات وب استاتیک، اجرای اپلیکیشن&zwnj;های وب داینامیک که قدرت نفوذ در HTTP را دارند بسیار هزینه&zwnj;بر است. با کمک وب سوکت، بسیار در منابع سروری صرفه جویی می&zwnj;شود. مثال&zwnj;های بسیار زیادی از اپلیکیشن&zwnj;های متکی به HTTP وجود دارد که برای اجرا شدن به صدها سرور نیاز داشتند ولی با متصل شدن به وب سوکت به دو یا سه سرور نیاز دارند. برای IT، این امر به معنای کم کردن هزینه&zwnj;ها می&zwnj;باشد که می&zwnj;توان از پول حاصل از آن بر روی موارد دیگری سرمایه گذاری کرد؛ و از آنجایی که وب سوکت استاندارد است، هر اپلیکیشنی که از آن به شکل استاندارد استفاده کند تبدیل به یک سرمایه گذاری استاندارد می&zwnj;شود.</p>', '2021-02-18 13:38:24', '2021-02-18 13:38:24'),
(28, 'Security', 'security', 28, '<p>وقتی که ما سایت یا اپلیکیشنی رو می&zwnj;سازیم، باید سعی کنیم که امنیتش رو تا جایی که می&zwnj;تونیم بالا ببریم. هرگز نمی&zwnj;تونیم بگیم که سایت یا اپلیکیشنی که نوشتیم امنیتش 100% هست.</p>\r\n\r\n<p>قانونی که من برای خودم دارم توی برنامه نویسی سایت و یا اپلیکیشن اینه که هر خط کدی که می&zwnj;نویسم اینطور فکر می&zwnj;کنم که یه نفر می&zwnj;خواد از همین کد سوء استفاده کنه و سایت یا اپیلیکیشن ما رو هک کنه و یا نفوذ کنه به اطلاعات ما. یعنی به هیچ عنوان اطلاعاتی که از سمت کاربر به سایت ارسال میشه رو اعتماد نمی&zwnj;کنم بهش و توی این زمینه کاملاً بدبین هستم به همه اطلاعاتی که میاد سمت سرور. چون اگر این قانون رو رعایت کنیم، امنیت سایت یا اپلیکیشنی که می&zwnj;نویسیم همیشه بالا خواهد بود و کمتر دچار اشکالات و باگ&zwnj;ها میشیم و پروژه&zwnj;هایی که تحویل مشتری می&zwnj;دیم دچار مشکل و یا سوء استفاده نمی&zwnj;شن.</p>\r\n\r\n<p>خب پس این نکته هرگز فراموش نشه که همیشه به هر نوع اطلاعاتی که به سایت شما ارسال میشه بدبین باشید و همیشه فکر کنید که این اطلاعات برای هک یا دور زدن سایت شما ارسال شدن.</p>', '2021-02-18 13:42:41', '2021-02-18 13:42:41'),
(29, 'Node JS', 'node-js', 29, '<p>Node.js پلتفرمی است بر مبنای موتور جاوا اسکریپت کروم که به منظور ایجاد برنامه&zwnj;های سریع و گسترش&zwnj;پذیر به وجود آمده است. Node.js از مدل رویدادگرا و non-blocking برای انجام عملیات I/O بهره می&zwnj;برد. از این رو Node.js یک پلتفرم سبک و کارا برای پیاده&zwnj;سازی برنامه&zwnj;های Real-time و مبتنی بر داده است که می&zwnj;توانند به راحتی در سرورهای نامتمرکز اجرا شوند.</p>\r\n\r\n<p>هدف نود جی اس، بدست دادن راهی ساده برای ساخت برنامه&zwnj;های قابل گسترشِ تحت شبکه است. نود جی اس ( از طریق epoll، kqueue، /dev/poll، یا select ) به سیستم عامل فرمان می&zwnj;دهد که هر زمان کانکشن جدیدی ایجاد شد، وی را باخبر سازد. سپس به حالت sleep می&zwnj;رود. اگر اتصال جدیدی برقرار شد، سیستم عامل callback را صدا می&zwnj;زند. هر کانکشن در واقع تنها یک اختصاص دهی کوچکِ Heap است.</p>\r\n\r\n<p>این روش با مدل&zwnj;های همزمانی (concurrency) کنونی که در آن از Thread&zwnj;های سیستم عامل استفاده می&zwnj;شود متفاوت است. برنامه&zwnj;های تحت شبکه که بر پایه Threadها ایجاد می&zwnj;شوند ناکارآمد و برای استفاده، پیچیده&zwnj;اند. نود جی اس در استفاده بهینه از حافظه تحت فشارهای بالا نسبت به سیستم&zwnj;هایی که برای هر کانکشن ۲ مگابایت thread stack اختصاص می&zwnj;دهند، بسیار بهتر عمل می&zwnj;کند. گذشته از این، کاربرانِ نود جی اس دیگر نگرانی در مورد dead-lock&zwnj;ها ندارند. هیچ قفلی وجود ندارد. بعلاوه هیچ دستوری در نود جی اس مستقیماً کار I/O را انجام نمی&zwnj;دهد، بنابراین پردازه هیچگاه بلاک نمی&zwnj;شود. و چون هیچ چیزی بلاک نمی&zwnj;شود؛ برنامه نویسان غیر حرفه&zwnj;ای هم می&zwnj;توانند سیستم&zwnj;های پرسرعتی بنویسند.</p>\r\n\r\n<p>نود جی اس در طراحی تحت تأثیر و بسیار شبیه سیستم&zwnj;هایی نظیر Event Machine رابی و یا Twisted پایتون (Python) است. نود جی اس مدل رویدادگرا را کمی جلوتر می&zwnj;برد. در نود جی اس چرخه&zwnj;ی رویداد به عنوان یک کتابخانه جدا از زبان نیست، بلکه با زبان گره خرده است. در سیستم&zwnj;های دیگر یک blocking call برای شروع چرخه رویداد وجود دارد. متد رایج این است که callback&zwnj;های مورد نیاز در شروع اسکریپت نوشته می&zwnj;شوند و در پایان سرور از طریق اجرای یک متدِ بلاک کننده یا Blocking Call شروع به کار می&zwnj;کند.</p>\r\n\r\n<p>در نود جی اس HTTP یک پروتکل ممتاز است. این کتابخانه براساس تجربیات نویسنده آن در توسعه برنامه&zwnj;های تحت شبکه و وب سرورها ایجاد شده است. برای مثال data streaming در اکثر framework&zwnj;ها کاری غیر ممکن است. نود جی اس سعی کرده است که این مشکلات را در پارسر HTTP خود و API&zwnj;های مربوط به آن حل کند. این ویژگی به همراه ساختار رویدادگرای نود جی اس، می&zwnj;تواند مبنایی برای بهترین کتابخانه&zwnj;ها و Framework&zwnj;های تحت وب باشد.</p>', '2021-02-18 13:43:43', '2021-02-18 13:43:43'),
(30, 'MongoDB', 'mongodb', 30, '<p>دیتابیس MongoDB یک پایگاه داده قوی، منعطف و مقیاس پذیر است. این پایگاه داده توانایی out scale کردن و خیلی از ویژگی&zwnj;های پایگاه داده&zwnj;های رابطه&zwnj;ای مثل ایندکس گذاری و دامنه&zwnj;ی پرس و جوها و ذخیره سازی را دارا می&zwnj;باشد. پایگاه داده MongoDB بسیاری از این ویژگی&zwnj;ها مثل built-in بودن پشتیبانی کردن از MapReduce-style aggregation و MapReduce-style aggregation را دارا می&zwnj;باشد.</p>\r\n\r\n<p>MongoDB در سال 2007 توسط شرکت 10gen شروع به توسعه شد و در مارس 2010 اولین نسخه آن منتشر شد. این پایگاه داده در واقع به جای ذخیره داده جدول همانند پایگاه&zwnj;های داده&zwnj;ای رابطه&zwnj;ای یا کلاسیک، داده&zwnj;ها را با ساختار JSON و بدون اسکیمای خاصی (Schema) ذخیره می&zwnj;کند. این پایگاه داده در حال حاضر توسط شرکت&zwnj;هایی همچون MTV Networks، Craigslist، Foursquare و UIDAI Aadhaar در حال استفاده است. این پایگاه داده در حال حاضر برای سیستم عامل&zwnj;های ویندوز، مکینتاش، لینوکس و سولاریس توسعه داده شده است.</p>\r\n\r\n<p>MongoDB یک مدل داده&zwnj;ای Developer پسند و دارای پیکربندی administrator پسند است و همچنین دارای APIهای زبان&zwnj;های عمومی بوسیله&zwnj;ی Driverها و shell پایگاه داده است. در حقیقت mongoDB تلاش می&zwnj;کند که راه شما را به سوی برنامه نویسی بدون نگرانی از مشکل ذخیره داده&zwnj;ها تغییر بدهد.</p>', '2021-02-18 13:44:10', '2021-02-18 13:44:10'),
(31, 'Linux', 'linux', 31, '<p>لینوکس (Linux) نام یک سیستم عامل رایانه&zwnj;ای است که معروف&zwnj;ترین مثال نرم&zwnj;افزار آزاد و توسعه به روش اُپن&zwnj;سورس (متن&zwnj;باز) شناخته می&zwnj;شود. اگر بخواهیم دقیق باشیم فقط باید هسته&zwnj;ی لینوکس را لینوکس بنامیم؛ اما به طور معمول این کلمه به سیستم&zwnj;عامل&zwnj;های یونیکس&zwnj;مانندی (یا گنو/لینوکسی) اطلاق می&zwnj;شود که بر مبنای هسته&zwnj;ی لینوکس و کتابخانه&zwnj;ها و ابزارهای پروژه&zwnj; گنو ساخته شده&zwnj;اند. به مجموعه&zwnj;ای از نرم&zwnj;افزارهای بنا شده بر اجزای گفته شده توزیع لینوکس (linux distribution) می&zwnj;گویند که به طور معمول شامل ابزارهای توسعه&zwnj; نرم&zwnj;افزار، پایگاه&zwnj;های داده، سرویس دهنده&zwnj;های وب مثل آپاچی، محیط&zwnj;های رومیزی مثل گنوم و KDE و مجموعه&zwnj;های اداری مثل اُپن آفیس هستند.</p>\r\n\r\n<p>لینوکس برای استفادهٔ ریزپردازنده&zwnj;ها با معماری 80386 اینتل طراحی شده بود؛ اما امروزه انواع مختلف معماری&zwnj;ها را پشتیبانی می&zwnj;کند و در انواع و اقسام وسایل از کامپیوترهای شخصی گرفته تا ابر رایانه&zwnj;ها و تلفن&zwnj;های همراه به کار می&zwnj;رود. این سیستم عامل که در ابتدا بیشتر توسط افراد مشتاق توسعه پیدا می&zwnj;کرد و به کار گرفته می&zwnj;شد، توانسته است پشتیبانی شرکت&zwnj;های سرشناسی چون IBM و هیولت-پاکارد را به دست آورد و با بسیاری از نسخه&zwnj;های خصوصی یونیکس رقابت کند. طرفداران لینوکس و بسیاری از تحلیل&zwnj;گران این موفقیت را ناشی از استقلال از فروشنده، کم هزینه بودن پیاده&zwnj;سازی، سرعت بالا، امنیت و قابلیت اطمینان بودن آن می&zwnj;دانند.</p>', '2021-02-18 13:44:57', '2021-02-18 13:44:57'),
(32, 'SEO', 'seo', 32, '<p>سئو (SEO) یا همون بهینه سازی سایت برای موتورهای جستجوگر یکی از مهمترین موارد برای سایت و یا کسب و کاره. یه مثال کوچیک بزنم. مثلاً فرض کنید من سایت شخصیم رو آماده کردم. بعد توی گوگل جستجو می&zwnj;کنند: &quot;برنامه نویس حرفه&zwnj;ای سایت&quot; یا موارد دیگه&zwnj;ای.<br />\r\nخب اگر سئوی سایتی که من برای خودم ساختم قوی باشه و اصول سئو رو رعایت کرده باشم، مطمئناً سایت من توی رتبه&zwnj;های اول قرار می&zwnj;گیره و اینطوری می&zwnj;تونم پروژه&zwnj;های بیشتری بگیرم و از نظر درآمدی هم رشد کنم. البته بستگی به تعداد بازدید سایت هم داره. منظورم اینه که سایتی که تعداد بازدید بیشتری داشته باشه، احتمال اینکه از سایت من بالاتر قرار بگیره خیلی بیشتره.</p>\r\n\r\n<p>باید همیشه سعی کنیم که از نظر دانش سئو قوی و به روز باشیم. من همیشه توی سایت&zwnj;هایی که به مشتری تحویل می&zwnj;دم سعی می&zwnj;کنم که حتماً موارد مربوط به سئو رو رعایت کنم. خیلی از مواردی هست که توی سئو باید رعایت کنیم. حتی تعداد منابعی که داره از سرور درخواست میشه. حجم فایل&zwnj;ها و بسیاری از موارد دیگه. پس باید نهایت دقت رو کنیم.</p>', '2021-02-18 13:46:07', '2021-02-18 13:46:07'),
(33, 'Socket Programming', 'socket-programming', 33, '<p>به طور کلی هر کامپیوتر ( به ازای هر کارت شبکه&zwnj;اش ) یک IP دارد، که از طریق این IP&zwnj; می&zwnj;توان به کامپیوتر یا ماشین دسترسی پیدا نمود.</p>\r\n\r\n<p>در برنامه&zwnj;های Server/Client از Port&zwnj;های غیر رزرو شده که آزاد باشند (مورد استفاده سایر برنامه&zwnj;ها نباشند) می&zwnj;توان جهت برقراری ارتباطات مورد نیاز، استفاده نمود. یعنی می&zwnj;تواند به ازای هر پورت با یک برنامه ارتباط برقرار کند.</p>\r\n\r\n<p><strong>سوکت (Socket) یا پریز یا کانال در &laquo;شبکه&raquo;:</strong><br />\r\nبا یک بیان ساده می&zwnj;توان گفت که سوکت به ترکیب یک آدرس ماشین (IP) و یک شماره درگاه (Port) گفته می&zwnj;شود.<br />\r\nدر برقراری ارتباط بین کامپیوترها در یک شبکه دو چیز بسیار مهم است:</p>\r\n\r\n<ol>\r\n	<li>آدرس ماشینی که می&zwnj;خواهیم اطلاعاتی از آن بگیریم یا به آن ارسال کنیم</li>\r\n	<li>برنامه&zwnj;ای از آن ماشین که درخواست اطلاعات کرده یا اینکه می&zwnj;خواهیم اطلاعاتی از آن برنامه کسب کنیم.</li>\r\n</ol>\r\n\r\n<p><br />\r\nاین دو یعنی آدرس ماشین و شماره برنامه به وسیله سوکت در شبکه مشخص می&zwnj;شوند. سوکت یک ارتباط قابل اطمینان جهت انتقال داده&zwnj;ها بین دو host (ماشین مورد نظر) می&zwnj;باشد. سوکت، برنامه نویسان را از پیچیدگی&zwnj;های فرآیند برقراری ارتباط بین دو ماشین مانند جزئیات کد کردن بسته&zwnj;ها، فرآیند ارسال داده&zwnj;ها در شبکه، ارسال مجدد بسته&zwnj;های خراب و &hellip; دور می&zwnj;سازد و برنامه نویسان به راحتی قادر به توسعه برنامه&zwnj;های تحت شبکه می&zwnj;باشند.</p>\r\n\r\n<p>&nbsp;</p>\r\n\r\n<p>یک سوکت در حقیقت ترکیبی از IP یا HostName و یک شماره پورت (Port Number) از آن IP می&zwnj;باشد.<br />\r\nبطور کلی یک سوکت چهار عمل اصلی زیر را انجام می&zwnj;دهد:</p>\r\n\r\n<ol>\r\n	<li>اتصال به ماشین راه دور</li>\r\n	<li>ارسال داده ها</li>\r\n	<li>دریافت داده ها</li>\r\n	<li>بستن یا خاتمه اتصال</li>\r\n</ol>', '2021-02-18 13:46:54', '2021-02-18 13:46:54'),
(34, 'HTML5', 'html5', 34, '<p>برای اینکه بتونیم سایتی رو بسازیم، باید اول اسکلت&zwnj;بندی سایت رو انجام بدیم. بزارید با مثال بهتون توضیح بدم که بهتر متوجه بشید. فرض کنید شما می&zwnj;خواید یه آدمی رو درست کنید. یه آدمی که بتونه سرپا بشه و ظاهر درستی داشته باشه و بتونه حرکاتی انجام بده و کلاً زنده بشه.</p>\r\n\r\n<p>خب پس میریم یه آدم بسازیم. صبر کنید. کجا دارید میرید؟ خاک نیاز نداریم برای ساختن آدم :-)<br />\r\nخب توی برنامه نویسی ما می&zwnj;خوایم یه آدمی رو بسازیم. پس اول باید اسکلت آدم رو تعریف کنیم. خب. اول میگیم آدم سر داره. بعد بدن داره. بدن باید دست و پا داشته باشه. خب دست خودش شامل 10 تا انگشت هست. هر انگشت شامل بخش&zwnj;بندی&zwnj;ها و ... هست. بعد دوباره میریم سراغ پا و دوباره می&zwnj;گیم پا هم 10 تا انگشت داره و ادامه ماجرا.<br />\r\nخب HTML همینه. یعنی بخش&zwnj;های سایت (یا توی این مثال بدن انسان) رو توش تعریف می&zwnj;کنیم.</p>\r\n\r\n<p>خب یه مشکلی هست اینجا!!! ما فقط گفتیم که یه انسان این&zwnj;ها رو داره. می&zwnj;دونید چطوری میشه فرض کرد؟ در اصل مثل اینه که ما یه سر درست کردیم انداختیم توی یه کیسه&zwnj;ای. بعد گفتیم آدم دست داره و توی دست هم انگشت هست و ... و انداختیم توی همون کیسه دوباره. بعد پا و ... و دوباره پاها رو هم انداختیم توی همون کیسه. بیچاره آدمی که ساختیم. :-) یعنی معلوم نیست سرش کجاست، دستاش کجاست، پاهاش کجاست و ... . هر قسمت بدنش یه جایی افتاده. خب HTML همینه. کار ما توی HTML فقط اسکلت بندی سایت رو مشخص کردنه. برای اینکه با یه نظمی کنار هم قرار بگیرن، باید اسکلت ها رو به ترتیبی که می&zwnj;سازیم بزاریم زیر هم. بعد با CSS که توی مبحث مربوط به خودش توضیح می&zwnj;دم بهتون که چیه، بهش می&zwnj;گیم که هر بخشی کجا باید قرار بگیره. در اصل HTML برای اسکلت&zwnj;بندی هست و CSS برای اینه که بهش نظم بدیم، رنگ بدیم، ظاهرشو مرتب کنیم و اونطوری که می&zwnj;خوایم بهش رنگ و لعاب بدیم.</p>\r\n\r\n<p>البته برنامه نویس&zwnj;های حرفه&zwnj;ای باید اسکلت&zwnj;بندی سایتی که می&zwnj;خوان بنویسن رو طوری بچینن که محدودیت زیادی نداشته باشن و به بهترین روش و اصولی&zwnj;ترین روش سایت رو برنامه نویسی کنن. و مهمتر از این، سئوی سایت هم باید قوی باشه.</p>\r\n\r\n<p>خب HTML توی نسخه&zwnj;های 1 تا 4 اومده بوده قبلاً. نسخه 4ش سال 1997 اومد. یعنی اون موقعی که من 7 سالم بوده :-) نمی&zwnj;دونم چرا واقعاً نسخه جدید نمی&zwnj;دادن توی این چند سال. بالاخره بعد از مدت&zwnj;ها و توی سال 2011 نسخه جدید HTML که به HTML5 نامگذاری شد، معرفی شد که امکانات زیادی داشت و کار برنامه نویسی رو بهینه&zwnj;تر و راحت&zwnj;تر می&zwnj;کرد و امکاناتی رو بهمون می&zwnj;داد که دیگه نیازی نباشه بخوایم کد&zwnj;های زیادی بنویسیم و یا سایت&zwnj;های سنگینی رو طراحی کنیم. ولی هنوز هم میگم که واقعاً دیر آپدیت شد و باید خیلی زودتر از اینها آپدیت می&zwnj;شد.</p>\r\n\r\n<p>البته نسخه&zwnj;های جدیدتر HTML هم بعد از نسخه 5 اومده که به اسم HTML5.1 و HTML5.2 نامگذاری شده. برنامه نویس&zwnj;ها باید به محض اینکه نسخه جدید معرفی می&zwnj;شه، برن و یاد بگیرن که توی پروژه&zwnj;های آیندشون ازشون استفاده کنن. هر چه به روزتر باشیم بهتره و کار با کیفیت&zwnj;تری می&zwnj;تونیم تحویل مشتری بدیم.</p>', '2021-02-18 13:47:50', '2021-02-18 13:47:50'),
(35, 'Realm', 'realm', 35, '<p>دیتابیس Realm یک دیتابیس بسیار سبک هست که برنامه نویسان موبایل میتونن از این به بعد توی پروژه&zwnj;هایی که انجام میدن، ازش استفاده کنند. یعنی به جای استفاده از دیتابیس SQLite و ORM، از این دیتابیس استفاده کنند.</p>\r\n\r\n<p>تا اونجایی که میدونم و تجربه کردم، دیتابیس Realm در مقایسه با SQLite، بسیار سریعتر و دارای ویژگی&zwnj;های بسیار بهتری هست. مخصوصاً برنامه نویسانی که بحث شئ گرایی براشون خیلی مهمه، به نظر من این دیتابیس بسیار مناسبه.<br />\r\nراحتی در راه اندازی، ذخیره اطلاعات، روش استفاده و امنیتش من رو راضی کرد که از این به بعد توی پروژه&zwnj;هایی که می&zwnj;خوام بنویسم، از این دیتابیس استفاده کنم.</p>\r\n\r\n<p>معمولاً برنامه نویسای موبایل (البته اونایی که من دیدم) خیلی سختشونه از دیتابیس توی پروژه&zwnj;هاشون استفاده کنند :-) یه کم بدشون میاد.<br />\r\nولی من میتونم بهتون قول بدم که اگر این دیتابیس رو یاد بگیرید، از این به بعد شاید حتی برای کارهای کوچیک هم از دیتابیس استفاده کنید و ازش نترسید :-) چون خیلی سریع و راحت می&zwnj;تونید این کار رو انجام بدید و حتی پروژه یا برنامه&zwnj;ای که مینویسید خیلی بهتر و انعطاف پذیرتر میشه.</p>\r\n\r\n<p>من که این دیتابیس رو خیلی دوست دارم و تا زمانی که دیتابیس بهتری برای اپلیکیشن&zwnj;های موبایل نیاد، از این دیتابیس توی پروژه&zwnj;هام استفاده می&zwnj;کنم :-)</p>', '2021-02-18 13:48:11', '2021-02-18 13:48:11'),
(36, 'Telegram Member', 'telegram-member', 36, '<p>الان که دارم این متن رو می&zwnj;نویسم، تلگرام یه محل خیلی خوبی هست برای کار. بعداً رو نمیدونم که دوباره مردم برن سمت چیزای دیگه یا نه. فعلاً تلگرام رو میگم.<br />\r\nخب کسب و کارها می&zwnj;تونن خیلی راحت با کاربراشون ارتباط برقرار کنند. تقریباً بدون هزینه. خب هر چی کاربرا بیشتر باشن، خب مطمئناً بازده کسب و کار و درآمد هم بیشتره.<br />\r\nیکی از کارهایی که از طریق دوستان انجام میدیم اینه که ممبر (کاربر، اعضا، عضو :-D ) رو به کانال&zwnj;ها اضافه می&zwnj;کنیم.<br />\r\nکاربرها فیک نیستن. (ولی خب اگه بخواید فیک هم جدا هست)<br />\r\nاینطور که دوستان میگن، انواع ممبر تلگرام دارن. مثل اجباری، پاپاپ، نوتیفیکیشن و فیک. دیگه با توجه به نیاز و خودِ مشتری، تصمیم گرفته میشه که کدومش باشه.<br />\r\nولی فعلاً اینطور که دوستان میگن و مشتری&zwnj;هاشون رو دیدم، کاربراشون واقعی هستن. دیگه بستگی به کیفیت کانالتون داره و اینکه کاربرا علاقمند باشن توی کانال باشن یا نباشن. پس کیفیت مطالب کانالتون باید طوری باشه که کاربر جذبش بشه و نره بیرون.<br />\r\nدوستان اگر کسی نیاز به ممبر واقعی تلگرام تا 2 میلیون (2000k) داشت، بهم توی تلگرام پیام بده که هماهنگ کنم باهاشون و یا اینکه مستقیم وارد سایتش بشید و همونجا قیمت&zwnj;ها و &hellip;&nbsp;رو ببینید.</p>\r\n\r\n<p>آدرس سایتش هم اینه:&nbsp;<a href=\"https://telegram-real-member.ir/\" target=\"_blank\">https://telegram-real-member.ir</a></p>\r\n\r\n<p>اگر مشکلی یا موردی بود، بهم بگید.</p>', '2021-02-18 13:49:15', '2021-02-19 18:05:44');

-- --------------------------------------------------------

--
-- Table structure for table `media`
--

CREATE TABLE `media` (
  `id` bigint(20) UNSIGNED NOT NULL,
  `files` longtext CHARACTER SET utf8mb4 COLLATE utf8mb4_bin NOT NULL CHECK (json_valid(`files`)),
  `type` enum('image') COLLATE utf8mb4_unicode_ci NOT NULL,
  `filename` varchar(255) COLLATE utf8mb4_unicode_ci NOT NULL,
  `created_at` timestamp NULL DEFAULT NULL,
  `updated_at` timestamp NULL DEFAULT NULL
) ENGINE=InnoDB DEFAULT CHARSET=utf8mb4 COLLATE=utf8mb4_unicode_ci;

--
-- Dumping data for table `media`
--

INSERT INTO `media` (`id`, `files`, `type`, `filename`, `created_at`, `updated_at`) VALUES
(1, '{\"original\":\"602e994442e9e.png\"}', 'image', '4.png', '2021-02-18 13:13:48', '2021-02-18 13:13:48'),
(2, '{\"original\":\"602e998b5d47c.png\"}', 'image', '5.png', '2021-02-18 13:14:59', '2021-02-18 13:14:59'),
(3, '{\"original\":\"602e99aa44806.png\"}', 'image', '35.png', '2021-02-18 13:15:30', '2021-02-18 13:15:30'),
(4, '{\"original\":\"602e99d829ec8.png\"}', 'image', '14.png', '2021-02-18 13:16:16', '2021-02-18 13:16:16'),
(5, '{\"original\":\"602e99f9cfe79.png\"}', 'image', '17.png', '2021-02-18 13:16:49', '2021-02-18 13:16:49'),
(6, '{\"original\":\"602e9a1cba5e7.png\"}', 'image', '18.png', '2021-02-18 13:17:24', '2021-02-18 13:17:24'),
(7, '{\"original\":\"602e9a3f2815c.png\"}', 'image', '19.png', '2021-02-18 13:17:59', '2021-02-18 13:17:59'),
(8, '{\"original\":\"602e9a7fb439f.png\"}', 'image', '23.png', '2021-02-18 13:19:03', '2021-02-18 13:19:03'),
(9, '{\"original\":\"602e9aa340335.png\"}', 'image', '26.png', '2021-02-18 13:19:39', '2021-02-18 13:19:39'),
(10, '{\"original\":\"602e9ad02e2ea.png\"}', 'image', '28.png', '2021-02-18 13:20:24', '2021-02-18 13:20:24'),
(11, '{\"original\":\"602e9b5580dda.png\"}', 'image', '29.png', '2021-02-18 13:22:37', '2021-02-18 13:22:37'),
(12, '{\"original\":\"602e9b7ae3cfa.png\"}', 'image', '30.png', '2021-02-18 13:23:14', '2021-02-18 13:23:14'),
(13, '{\"original\":\"602e9ba630279.png\"}', 'image', '31.png', '2021-02-18 13:23:58', '2021-02-18 13:23:58'),
(14, '{\"original\":\"602e9bd588668.png\"}', 'image', '32.png', '2021-02-18 13:24:45', '2021-02-18 13:24:45'),
(15, '{\"original\":\"602e9c9115fa5.png\"}', 'image', '1_YVTFl1UEkt3_rkez-DIU9w.png', '2021-02-18 13:27:53', '2021-02-18 13:27:53'),
(16, '{\"original\":\"602e9cb1d4bf0.png\"}', 'image', '2.png', '2021-02-18 13:28:25', '2021-02-18 13:28:25'),
(17, '{\"original\":\"602e9cddea147.png\"}', 'image', '3.png', '2021-02-18 13:29:09', '2021-02-18 13:29:09'),
(18, '{\"original\":\"602e9d1149b67.png\"}', 'image', '6.png', '2021-02-18 13:30:01', '2021-02-18 13:30:01'),
(19, '{\"original\":\"602e9d384e0f4.png\"}', 'image', '7.png', '2021-02-18 13:30:40', '2021-02-18 13:30:40'),
(20, '{\"original\":\"602e9d91ccd29.png\"}', 'image', '8.png', '2021-02-18 13:32:09', '2021-02-18 13:32:09'),
(21, '{\"original\":\"602e9dd17e7c4.png\"}', 'image', '9.png', '2021-02-18 13:33:13', '2021-02-18 13:33:13'),
(22, '{\"original\":\"602e9e10324b7.png\"}', 'image', '10.png', '2021-02-18 13:34:16', '2021-02-18 13:34:16'),
(23, '{\"original\":\"602e9e4eb3dd0.png\"}', 'image', '11.png', '2021-02-18 13:35:18', '2021-02-18 13:35:18'),
(24, '{\"original\":\"602e9e81aec96.png\"}', 'image', '12.png', '2021-02-18 13:36:09', '2021-02-18 13:36:09'),
(25, '{\"original\":\"602e9ea57ff6e.png\"}', 'image', '13.png', '2021-02-18 13:36:45', '2021-02-18 13:36:45'),
(26, '{\"original\":\"602e9ee1cd62b.png\"}', 'image', '15.png', '2021-02-18 13:37:45', '2021-02-18 13:37:45'),
(27, '{\"original\":\"602e9f084a71f.png\"}', 'image', '16.png', '2021-02-18 13:38:24', '2021-02-18 13:38:24'),
(28, '{\"original\":\"602ea0098b3db.png\"}', 'image', '20.png', '2021-02-18 13:42:41', '2021-02-18 13:42:41'),
(29, '{\"original\":\"602ea04703317.png\"}', 'image', '21.png', '2021-02-18 13:43:43', '2021-02-18 13:43:43'),
(30, '{\"original\":\"602ea0626710e.png\"}', 'image', '22.png', '2021-02-18 13:44:10', '2021-02-18 13:44:10'),
(31, '{\"original\":\"602ea09146b67.png\"}', 'image', '24.png', '2021-02-18 13:44:57', '2021-02-18 13:44:57'),
(32, '{\"original\":\"602ea0d7cf268.png\"}', 'image', '25.png', '2021-02-18 13:46:07', '2021-02-18 13:46:07'),
(33, '{\"original\":\"602ea1063d564.png\"}', 'image', '27.png', '2021-02-18 13:46:54', '2021-02-18 13:46:54'),
(34, '{\"original\":\"602ea13df210f.png\"}', 'image', '1.png', '2021-02-18 13:47:50', '2021-02-18 13:47:50'),
(35, '{\"original\":\"602ea1531be73.png\"}', 'image', '33.png', '2021-02-18 13:48:11', '2021-02-18 13:48:11'),
(36, '{\"original\":\"602ea193017b8.png\"}', 'image', '34.png', '2021-02-18 13:49:15', '2021-02-18 13:49:15'),
(37, '{\"original\":\"602ea378b80b1.jpg\"}', 'image', '69.jpg', '2021-02-18 13:57:20', '2021-02-18 13:57:20'),
(38, '{\"original\":\"602ea6f82c489.jpg\"}', 'image', '59.jpg', '2021-02-18 14:12:16', '2021-02-18 14:12:16'),
(39, '{\"original\":\"602ea6fc31d1a.jpg\"}', 'image', '60.jpg', '2021-02-18 14:12:20', '2021-02-18 14:12:20'),
(40, '{\"original\":\"602ea70004bd4.jpg\"}', 'image', '61.jpg', '2021-02-18 14:12:24', '2021-02-18 14:12:24'),
(41, '{\"original\":\"602ea703600b6.jpg\"}', 'image', '62.jpg', '2021-02-18 14:12:27', '2021-02-18 14:12:27'),
(42, '{\"original\":\"602ea70719365.jpg\"}', 'image', '63.jpg', '2021-02-18 14:12:31', '2021-02-18 14:12:31'),
(43, '{\"original\":\"602ea8b3d4328.jpg\"}', 'image', '52.jpg', '2021-02-18 14:19:39', '2021-02-18 14:19:39'),
(44, '{\"original\":\"602ea95fab646.jpg\"}', 'image', '50.jpg', '2021-02-18 14:22:31', '2021-02-18 14:22:31'),
(45, '{\"original\":\"602ea99a6a080.jpg\"}', 'image', '12.jpg', '2021-02-18 14:23:30', '2021-02-18 14:23:30'),
(46, '{\"original\":\"602ea99df0b1e.jpg\"}', 'image', '13.jpg', '2021-02-18 14:23:34', '2021-02-18 14:23:34'),
(47, '{\"original\":\"602ea9a109f9e.jpg\"}', 'image', '14.jpg', '2021-02-18 14:23:37', '2021-02-18 14:23:37'),
(48, '{\"original\":\"602ea9a4bb8f0.jpg\"}', 'image', '15.jpg', '2021-02-18 14:23:40', '2021-02-18 14:23:40'),
(49, '{\"original\":\"602eaa9a4df56.jpg\"}', 'image', '48.jpg', '2021-02-18 14:27:46', '2021-02-18 14:27:46'),
(50, '{\"original\":\"602eaad43acb5.jpg\"}', 'image', '9.jpg', '2021-02-18 14:28:44', '2021-02-18 14:28:44'),
(51, '{\"original\":\"602eaad7e2879.jpg\"}', 'image', '10.jpg', '2021-02-18 14:28:47', '2021-02-18 14:28:47'),
(52, '{\"original\":\"602eaadb19392.jpg\"}', 'image', '11.jpg', '2021-02-18 14:28:51', '2021-02-18 14:28:51'),
(53, '{\"original\":\"602eb96227fb4.jpg\"}', 'image', '71.jpg', '2021-02-18 15:30:50', '2021-02-18 15:30:50'),
(54, '{\"original\":\"602eb99789716.jpg\"}', 'image', '64.jpg', '2021-02-18 15:31:43', '2021-02-18 15:31:43'),
(55, '{\"original\":\"602eb99a76d5d.jpg\"}', 'image', '65.jpg', '2021-02-18 15:31:46', '2021-02-18 15:31:46'),
(56, '{\"original\":\"602eb99dc5c48.jpg\"}', 'image', '66.jpg', '2021-02-18 15:31:49', '2021-02-18 15:31:49'),
(57, '{\"original\":\"602eb9a1011bf.jpg\"}', 'image', '67.jpg', '2021-02-18 15:31:53', '2021-02-18 15:31:53'),
(58, '{\"original\":\"602eb9a4687f2.jpg\"}', 'image', '68.jpg', '2021-02-18 15:31:56', '2021-02-18 15:31:56'),
(59, '{\"original\":\"602eb9a7ae8ad.jpg\"}', 'image', '69.jpg', '2021-02-18 15:31:59', '2021-02-18 15:31:59'),
(60, '{\"original\":\"602eb9aadc246.jpg\"}', 'image', '70.jpg', '2021-02-18 15:32:02', '2021-02-18 15:32:02'),
(61, '{\"original\":\"602eba6fee282.jpg\"}', 'image', '51.jpg', '2021-02-18 15:35:20', '2021-02-18 15:35:20'),
(62, '{\"original\":\"602ebaa6a48b2.jpg\"}', 'image', '1.jpg', '2021-02-18 15:36:14', '2021-02-18 15:36:14'),
(63, '{\"original\":\"602ebaa96ff89.jpg\"}', 'image', '2.jpg', '2021-02-18 15:36:17', '2021-02-18 15:36:17'),
(64, '{\"original\":\"602ebaac0ea90.jpg\"}', 'image', '3.jpg', '2021-02-18 15:36:20', '2021-02-18 15:36:20'),
(65, '{\"original\":\"602ebb54b5d28.jpg\"}', 'image', '44.jpg', '2021-02-18 15:39:08', '2021-02-18 15:39:08'),
(66, '{\"original\":\"602ebbd79962a.jpg\"}', 'image', '43.jpg', '2021-02-18 15:41:19', '2021-02-18 15:41:19'),
(67, '{\"original\":\"602ebc6c1f634.png\"}', 'image', '1.png', '2021-02-18 15:43:48', '2021-02-18 15:43:48'),
(69, '{\"original\":\"602ebd5677017.jpg\"}', 'image', '19.v5e1a18b6.jpg', '2021-02-18 15:47:42', '2021-02-18 15:47:42'),
(70, '{\"original\":\"602ebf55a80c5.png\"}', 'image', '1.png', '2021-02-18 15:56:13', '2021-02-18 15:56:13'),
(71, '{\"original\":\"602ebf81c3240.png\"}', 'image', '4.png', '2021-02-18 15:56:57', '2021-02-18 15:56:57'),
(73, '{\"original\":\"602ecd528cc2f.jpg\"}', 'image', '12.v5b3f9d18.jpg', '2021-02-18 16:55:54', '2021-02-18 16:55:54'),
(74, '{\"original\":\"602ecdbf28e88.jpg\"}', 'image', '9.v5a47232e.jpg', '2021-02-18 16:57:43', '2021-02-18 16:57:43'),
(75, '{\"original\":\"602ece05d0944.png\"}', 'image', '2.png', '2021-02-18 16:58:53', '2021-02-18 16:58:53'),
(76, '{\"original\":\"602ece9ce3805.jpg\"}', 'image', '14.v5b8d91c4.jpg', '2021-02-18 17:01:24', '2021-02-18 17:01:24'),
(77, '{\"original\":\"602ecedce1ac3.jpg\"}', 'image', '8.v5a4670dc.jpg', '2021-02-18 17:02:28', '2021-02-18 17:02:28'),
(78, '{\"original\":\"602ecf6229606.png\"}', 'image', '1.png', '2021-02-18 17:04:42', '2021-02-18 17:04:42'),
(79, '{\"original\":\"602ecf75b6155.png\"}', 'image', '2.png', '2021-02-18 17:05:01', '2021-02-18 17:05:01'),
(80, '{\"original\":\"602ecf80933cb.png\"}', 'image', '3.png', '2021-02-18 17:05:12', '2021-02-18 17:05:12'),
(81, '{\"original\":\"602ed1594e9ef.png\"}', 'image', '1.png', '2021-02-18 17:13:05', '2021-02-18 17:13:05'),
(82, '{\"original\":\"602ed17ab1c6d.png\"}', 'image', '2.png', '2021-02-18 17:13:38', '2021-02-18 17:13:38'),
(83, '{\"original\":\"602ed197399ea.png\"}', 'image', '3.png', '2021-02-18 17:14:07', '2021-02-18 17:14:07'),
(84, '{\"original\":\"602ed22be80dd.png\"}', 'image', '4.png', '2021-02-18 17:16:35', '2021-02-18 17:16:35'),
(85, '{\"original\":\"602ed2532beb6.png\"}', 'image', '5.png', '2021-02-18 17:17:15', '2021-02-18 17:17:15'),
(86, '{\"original\":\"602ed272a55dd.png\"}', 'image', '6.png', '2021-02-18 17:17:46', '2021-02-18 17:17:46'),
(89, '{\"original\":\"603007f87ef2b.png\"}', 'image', 'laravel.png', '2021-02-19 15:18:24', '2021-02-19 15:18:24');

-- --------------------------------------------------------

--
-- Table structure for table `migrations`
--

CREATE TABLE `migrations` (
  `id` int(10) UNSIGNED NOT NULL,
  `migration` varchar(255) COLLATE utf8mb4_unicode_ci NOT NULL,
  `batch` int(11) NOT NULL
) ENGINE=InnoDB DEFAULT CHARSET=utf8mb4 COLLATE=utf8mb4_unicode_ci;

--
-- Dumping data for table `migrations`
--

INSERT INTO `migrations` (`id`, `migration`, `batch`) VALUES
(1, '2021_02_10_000009_create_media_table', 1),
(2, '2021_02_10_000010_create_users_table', 1),
(3, '2021_02_10_194058_create_expertise_table', 1),
(4, '2021_02_10_194331_create_portfolio_category_table', 1),
(5, '2021_02_10_194332_create_portfolio_slider_table', 1),
(6, '2021_02_10_194359_create_portfolio_expertise_table', 1),
(7, '2021_02_10_194430_create_portfolio_table', 1),
(8, '2021_02_10_211122_create_post_category_table', 1),
(9, '2021_02_10_211615_create_post_table', 1),
(10, '2021_02_13_215241_create_setting_table', 1),
(11, '2021_02_14_121438_create_work_table', 1),
(12, '2021_02_14_140526_create_social_table', 1),
(13, '2021_02_14_173642_create_contact_info_table', 1),
(14, '2021_02_14_184946_create_resume_table', 1),
(15, '2021_02_16_210152_create_customer_table', 1),
(18, '2021_02_20_060426_create_post_view_table', 2),
(19, '2021_02_20_071650_create_post_like_table', 2),
(20, '2021_02_20_202924_create_post_comment_table', 3),
(21, '2021_02_23_000050_create_contact_table', 4),
(22, '2021_02_23_015118_create_payment_table', 5);

-- --------------------------------------------------------

--
-- Table structure for table `payment`
--

CREATE TABLE `payment` (
  `id` bigint(20) UNSIGNED NOT NULL,
  `user_name` varchar(255) COLLATE utf8mb4_unicode_ci NOT NULL,
  `user_mobile` varchar(255) COLLATE utf8mb4_unicode_ci NOT NULL,
  `user_email` varchar(255) COLLATE utf8mb4_unicode_ci NOT NULL,
  `user_ip` varchar(255) COLLATE utf8mb4_unicode_ci NOT NULL,
  `title` varchar(255) COLLATE utf8mb4_unicode_ci NOT NULL,
  `price` bigint(20) UNSIGNED NOT NULL,
  `ref_number` varchar(255) COLLATE utf8mb4_unicode_ci NOT NULL,
  `order_number` varchar(255) COLLATE utf8mb4_unicode_ci NOT NULL,
  `status` enum('active','inactive') COLLATE utf8mb4_unicode_ci NOT NULL,
  `created_at` timestamp NULL DEFAULT NULL,
  `updated_at` timestamp NULL DEFAULT NULL
) ENGINE=InnoDB DEFAULT CHARSET=utf8mb4 COLLATE=utf8mb4_unicode_ci;

--
-- Dumping data for table `payment`
--

INSERT INTO `payment` (`id`, `user_name`, `user_mobile`, `user_email`, `user_ip`, `title`, `price`, `ref_number`, `order_number`, `status`, `created_at`, `updated_at`) VALUES
(11, 'test', '09123456789', 'test@gmail.com', '127.0.0.1', 'test', 50000, 'A00000000000000000000000000243954109', 'g6vGTcMbIB', 'inactive', '2021-02-23 21:52:55', '2021-02-23 21:52:55'),
(12, 'test', '09123456789', 'test@gmail.com', '127.0.0.1', 'test', 10000, 'A00000000000000000000000000243973014', 'Iz1lOAndxg', 'inactive', '2021-02-24 05:30:41', '2021-02-24 05:30:41'),
(13, 'tr', '09555555565', 'f@gmail.com', '127.0.0.1', 'sf', 10000, 'A00000000000000000000000000243973838', 'R4M3l4ac4M', 'inactive', '2021-02-24 05:39:35', '2021-02-24 05:39:35'),
(14, 'f', '09444666446', 'sf@gmail.com', '127.0.0.1', 'sf', 1000, 'A00000000000000000000000000243974444', 'Mm1Nq2BtkO', 'inactive', '2021-02-24 05:45:38', '2021-02-24 05:45:38'),
(15, 'gd', '09454646464', 'f@gmail.com', '127.0.0.1', 'sf', 1000, 'A00000000000000000000000000243975130', 'nl3zV1T5xS', 'inactive', '2021-02-24 05:52:18', '2021-02-24 05:52:18'),
(16, 'sf', '09464625516', 'sf@gmail.ocm', '127.0.0.1', 'fsf', 10000, 'A00000000000000000000000000243976799', 'C0UDO5bwBx', 'inactive', '2021-02-24 06:08:58', '2021-02-24 06:08:58');

-- --------------------------------------------------------

--
-- Table structure for table `portfolio`
--

CREATE TABLE `portfolio` (
  `id` bigint(20) UNSIGNED NOT NULL,
  `name` varchar(255) COLLATE utf8mb4_unicode_ci NOT NULL,
  `headline` varchar(255) COLLATE utf8mb4_unicode_ci NOT NULL,
  `slug` varchar(255) COLLATE utf8mb4_unicode_ci NOT NULL,
  `portfolio_category_id` bigint(20) UNSIGNED DEFAULT NULL,
  `image_id` bigint(20) UNSIGNED DEFAULT NULL,
  `text` longtext COLLATE utf8mb4_unicode_ci NOT NULL,
  `customer` varchar(255) COLLATE utf8mb4_unicode_ci NOT NULL,
  `start_date` date NOT NULL,
  `end_date` date NOT NULL,
  `created_at` timestamp NULL DEFAULT NULL,
  `updated_at` timestamp NULL DEFAULT NULL
) ENGINE=InnoDB DEFAULT CHARSET=utf8mb4 COLLATE=utf8mb4_unicode_ci;

--
-- Dumping data for table `portfolio`
--

INSERT INTO `portfolio` (`id`, `name`, `headline`, `slug`, `portfolio_category_id`, `image_id`, `text`, `customer`, `start_date`, `end_date`, `created_at`, `updated_at`) VALUES
(1, 'وب سایت لومیناتی', 'وب سایت سرمایه گذاری ارز دیجیتال', 'وب-سایت-لومیناتی', 1, 37, '<p>این سایت، یه سایت برای&nbsp;<strong>سرمایه گذاری با ارزهای دیجیتال</strong>&nbsp;هست. یه سایت حرفه&zwnj;ای با دقیقترین الگوریتم&zwnj;ها و روش&zwnj;ها. هیچ محدودیتی توی ارزهایی که توش تعریف میشه نداره. می&zwnj;تونیم همه ارزهای دیجیتال رو توی این سیستم داشته باشیم و مدیریت کنیم.</p>\r\n\r\n<p>ادمین این سایت میتونه هر تعداد پکیج که خواست تعریف کنه. کاربرا هم میتونن هر مبلغی که دوست داشتن سرمایه گذاری کنن و یا از طریق پکیج هایی که براشون تعریف شده سرمایه گذاری خودشون رو انجام بدن. محاسبه سود سرمایه&zwnj;ها توی این سیستم با دقت &ldquo;ثانیه&rdquo; انجام میشه. یعنی اگر شما سرمایه خودتون رو همین الان گذاشته باشین، تا فردا همین ساعت، همین دقیقه، همین ثانیه سود شما محاسبه میشه و هر زمان که خواستید برداشت کنید، تا همون ثانیه بصورت کاملاً دقیق حساب میشه. حتی از سیستم&zwnj;های بانکی هم دقیقتر 😊</p>\r\n\r\n<p>توی این سیستم امکان تعریف کاربر وی آی پی هم بود. امکان اکسچنج، امکان معرفی دوستان و دریافت پورسانت بازاریابی تا سطح نامحدود. (قابل تعریف توسط ادمین).</p>\r\n\r\n<p>واریز و برداشت توی این سیستم کاملاً خودکار و آنی هست. هسته اصلی طوری برنامه نویسی شده که هر کدوم از ارزها میتونن از درگاه&zwnj;های مختلفی که براشون تعریف شده استفاده کنند. محدودیتی وجود نداره.</p>\r\n\r\n<p>3 نوع بازی هم توی این سیستم تعریف شده که کاربرا میتونن بازی کنند و پول بدست بیارند. سیستم تیکتینگ و پشتیبانی بسیار قوی نوشته شده.</p>\r\n\r\n<p>کلاً یه سایت بسیار دقیق و با ظاهر عالی هست این سایت 😊 خودم حال میکنم 😃</p>\r\n\r\n<p>&nbsp;</p>\r\n\r\n<p><strong>یک سری امکانات که این سیستم داره رو لیست میکنم:</strong></p>\r\n\r\n<ul>\r\n	<li>امکان تعریف نامحدود ارز دیجیتال و یا ارز واقعی (دلار، یورو و ...)</li>\r\n	<li>امکان تعریف کاربر وی آی پی با پرداخت هزینه به تعداد و قیمت مشخص (قابل تعریف انواع پکیج از طریق مدیریت)</li>\r\n	<li>امکان مدیریت ولت&zwnj;ها، شارژ ولت و مشاهده تمامی تراکنش&zwnj;ها بصورت دقیق</li>\r\n	<li>امکان اکسچنج (قابل تعریف کارمزد برای کاربران عادی و کاربران VIP و ...)</li>\r\n	<li>امکان سرمایه گذاری با مبلغ دلخواه و یا انتخاب از پکیج&zwnj;های تعریف شده توسط مدیریت</li>\r\n	<li>محاسبه سود سرمایه گذاری بصورت داینامیک و خودکار</li>\r\n	<li>واریز خودکار سود سرمایه گذاری در زمان مشخص بصورت ثانیه&zwnj;ای</li>\r\n	<li>امکان برداشت خودکار</li>\r\n	<li>امکان تعریف درگاه برداشت خودکار متفاوت برای هر ارز و بصورت نامحدود</li>\r\n	<li>ربات تلگرام جهت معرفی و عضو گیری و دریافت ارز دیجیتال رایگان</li>\r\n	<li>امکان بازاریابی و دریافت سود از تراکنش&zwnj;های کاربران</li>\r\n	<li>بازاریابی با تعداد سطح نامحدود</li>\r\n	<li>لاتاری آنلاین</li>\r\n	<li>Lucky Time</li>\r\n	<li>بازی Duck Dice</li>\r\n	<li>مشاهده تمامی تراکنش&zwnj;ها بصورت کامل دقیق و قابل فیلتر</li>\r\n	<li>امکان ارسال تیکت پشتیبانی و مشاهده و مدیریت</li>\r\n	<li>امکان فعالسازی ورود دو مرحله&zwnj;ای</li>\r\n	<li>امکان مشاهده وضعیت سرور بصورت دقیق و ثانیه&zwnj;ای</li>\r\n	<li>و بسیاری امکانات دیگر</li>\r\n</ul>\r\n\r\n<p><strong>سورس این سایت رو میخوام بفروشم. هر کسی که نیاز داشت، میتونه باهام تماس بگیره. البته به تعداد محدود میخوام بفروشم که کسی ازش سوء استفاده نکنه.</strong></p>', 'پرهام', '1398-01-22', '1398-03-04', '2021-02-18 13:57:20', '2021-02-21 05:17:30'),
(2, 'درگاه پرداخت صرافی', 'پرداخت ارزی و ریالی', 'درگاه-پرداخت-صرافی', 1, 43, '<p>یکی از مشتریان از انگلیس تماس گرفتن و گفتن که سایت&zwnj;هایی دادن که شرکت&zwnj;های انگلیسی براشون برنامه نویسی انجام داده. ولی نتونستن درگاه پرداخت&zwnj;های بانک&zwnj;های ایرانی رو اضافه کنن به سایتشون. دیگه از من خواستن که براشون انجام بدم. دیگه منم 4 درگاه بانکی ایرانی رو به سیستمشون اضافه کردم.</p>\r\n\r\n<p>البته ساختار کدنویسی سایتی که داشتن رو تا الان کار نکرده بودم و به روش کدنویسی و کلاس&zwnj;بندی اون شرکت خارجیه آشنایی نداشتم. برای همین یه مدت از کار رو روی آشنایی با ساختار دیتابیس و کلاس&zwnj;بندی گذاشتم تا بدونم چیکار کردن. بعد که ساختار اومد دستم، متوجه شدم که با این روشی که اونا نوشتن، توی درگاه&zwnj;های بانکی ایرانی به مشکل برمیخورن.<br />\r\nدیگه برای اینکه ساختار اصلی کدهای اونا هم تغییر زیادی نکنه، جدوالی رو توی دیتابیسشون اضافه کردم و کلاس&zwnj;های بانک&zwnj;های جدیدی که نوشتم، دیگه از جدول&zwnj;های خودم استفاده می&zwnj;کرد و نتیجه اونا رو توی جدول&zwnj;های خودشون ذخیره می&zwnj;کرد.</p>\r\n\r\n<p>البته چند روز پیش هم یه پروژه دیگه&zwnj;ای مربوط به پرداخت براشون انجام دادم.</p>', 'امیر - انگلیس', '1396-02-28', '1396-03-01', '2021-02-18 14:19:39', '2021-02-21 05:17:23'),
(3, 'سایت معرفی و اطلاع رسانی کاندیداها', 'سماک', 'سایت-معرفی-و-اطلاع-رسانی-کاندیداها', 1, 44, '<p>سایت سماک (سامانه معرفی و اطلاع رسانی کاندیداها) به منظور معرفی همه کاندیداهای کشور (چه انتخابات ریاست جمهور و چه انتخابات شورای شهر) راه اندازی شد. سعی شد که اسامی همه کاندیداها توی سایت قرار بگیره. البته خب دسترسی هم به اطلاعات کامل کاندیداها نداشتیم. ولی خب تا اونجایی که اطلاعات داشتیم، داخل سایت قرار دادیم.</p>\r\n\r\n<p>کلاً عمر سایت دو هفته بیشتر نبود (البته توی این دوره انتخابات). چون بعد از اجازه معرفی کاندیداها سایت فعالیت خودشو شروع کرد و یک روز قبل از پایان انتخابات هم فعالیتش تموم شد. ولی بازدیدکننده زیادی داشتیم. درسته تازه فعالیتشو شروع کرده بود. ولی بازدیدکننده زیادی داشتیم و توی گوگل اولین سایت مربوط به انتخابات بود. یعنی هر کاندیدی رو که جستجو می&zwnj;کردیم، اولین سایت، سایت سماک بود. طوری شد که توی این دو هفته، رتبه سایت از چند میلیون رسید به 7 هزارمین سایت ایران. اگر زودتر راه اندازی شده بود، سایت بسیار پربازدیدی میشد و رتبش تک رقمی یا دو رقمی میشد توی زمان انتخابات:-)</p>\r\n\r\n<p>سئوی سایت بسیار قوی بود و سرعتش هم همینطور. هر کاندیدی برای خودش صفحه اختصاصی داشت که بعد از ثبت نام می&zwnj;تونست بیاد و اطلاعات خودشو تکمیل کنه. حتی یکی از امکاناتی که گذاشته بودیم این بود که می&zwnj;تونستن کانال تلگرام خودشون رو به پنلشون توی سایت متصل کنن. اینطوری از طریق سایت که پیامی ارسال می&zwnj;کردن، بصورت خودکار هم توی سایت قرار می&zwnj;گرفت و هم توی کانال یا کانال&zwnj;های تلگرامشون اون پیامه ارسال می&zwnj;شد.</p>', 'شرکت سینامین', '1399-11-06', '1399-11-27', '2021-02-18 14:22:31', '2021-02-21 05:17:06'),
(4, 'طراحی و پیاده سازی درگاه پرداخت اختصاصی', 'درگاه پرداخت', 'طراحی-و-پیاده-سازی-درگاه-پرداخت-اختصاصی', 1, 49, '<p>کاپ (کیف پول الکترونیکی پارسیان) که راه اندازی شد و به مردم مگا کارت&zwnj;هایی داده شد، خب باید می&zwnj;تونستن از این کارت&zwnj;ها استفاده کنن. پس قرار شد که یه درگاه پرداختی برای کاپ بسازیم که فروشگاه&zwnj;ها بتونن ازش استفاده کنن و توی سایت&zwnj;های خودشون این درگاه پرداخت جدید رو اضافه کنن.</p>\r\n\r\n<p>دیگه ما هم یه درگاه پرداخت مثل همه درگاه&zwnj;های پرداخت بانک&zwnj;های دیگه ساختیم. البته با سرعت بیشتر و ظاهر بهتر :-)<br />\r\nپرداخت کننده وقتی درگاه پرداخت بهش نشون داده می&zwnj;شد، می&zwnj;تونست هم با وارد کرده شماره موبایلش و هم با وارد کردن شماره مگاکارتش، خرید از سایت&zwnj;ها رو انجام بده.</p>', 'پککو - شرکت آتی شهر هوشمند ایرانیان', '1399-11-05', '1399-11-30', '2021-02-18 14:27:46', '2021-02-21 05:16:57'),
(5, 'اپلیکیشن لومیناتی', 'اپلیکیشن سرمایه گذاری ارز دیجیتال', 'اپلیکیشن-لومیناتی', 2, 53, '<p>توضیحات سایت این رو توی پروژه قبلی که توی سایت گذاشتم نوشتم. توضیحاتش همونه. این فقط اپلیکیشن اون هست. ولی برای اینکه اینجا خالی نمونه، کپی اون رو اینجا هم مینویسم 😊</p>\r\n\r\n<p>این سایت، یه سایت برای&nbsp;<strong>سرمایه گذاری با ارزهای دیجیتال</strong>&nbsp;هست. یه سایت حرفه&zwnj;ای با دقیقترین الگوریتم&zwnj;ها و روش&zwnj;ها. هیچ محدودیتی توی ارزهایی که توش تعریف میشه نداره. می&zwnj;تونیم همه ارزهای دیجیتال رو توی این سیستم داشته باشیم و مدیریت کنیم.</p>\r\n\r\n<p>ادمین این سایت میتونه هر تعداد پکیج که خواست تعریف کنه. کاربرا هم میتونن هر مبلغی که دوست داشتن سرمایه گذاری کنن و یا از طریق پکیج هایی که براشون تعریف شده سرمایه گذاری خودشون رو انجام بدن. محاسبه سود سرمایه&zwnj;ها توی این سیستم با دقت &ldquo;ثانیه&rdquo; انجام میشه. یعنی اگر شما سرمایه خودتون رو همین الان گذاشته باشین، تا فردا همین ساعت، همین دقیقه، همین ثانیه سود شما محاسبه میشه و هر زمان که خواستید برداشت کنید، تا همون ثانیه بصورت کاملاً دقیق حساب میشه. حتی از سیستم&zwnj;های بانکی هم دقیقتر 😊</p>\r\n\r\n<p>توی این سیستم امکان تعریف کاربر وی آی پی هم بود. امکان اکسچنج، امکان معرفی دوستان و دریافت پورسانت بازاریابی تا سطح نامحدود. (قابل تعریف توسط ادمین).</p>\r\n\r\n<p>واریز و برداشت توی این سیستم کاملاً خودکار و آنی هست. هسته اصلی طوری برنامه نویسی شده که هر کدوم از ارزها میتونن از درگاه&zwnj;های مختلفی که براشون تعریف شده استفاده کنند. محدودیتی وجود نداره.</p>\r\n\r\n<p>3 نوع بازی هم توی این سیستم تعریف شده که کاربرا میتونن بازی کنند و پول بدست بیارند. سیستم تیکتینگ و پشتیبانی بسیار قوی نوشته شده.</p>\r\n\r\n<p>کلاً یه سایت بسیار دقیق و با ظاهر عالی هست این سایت 😊 خودم حال میکنم 😃</p>\r\n\r\n<p>&nbsp;</p>\r\n\r\n<p><strong>یک سری امکانات که این سیستم داره رو لیست میکنم:</strong></p>\r\n\r\n<ul>\r\n	<li>امکان تعریف نامحدود ارز دیجیتال و یا ارز واقعی (دلار، یورو و ...)</li>\r\n	<li>امکان تعریف کاربر وی آی پی با پرداخت هزینه به تعداد و قیمت مشخص (قابل تعریف انواع پکیج از طریق مدیریت)</li>\r\n	<li>امکان مدیریت ولت&zwnj;ها، شارژ ولت و مشاهده تمامی تراکنش&zwnj;ها بصورت دقیق</li>\r\n	<li>امکان اکسچنج (قابل تعریف کارمزد برای کاربران عادی و کاربران VIP و ...)</li>\r\n	<li>امکان سرمایه گذاری با مبلغ دلخواه و یا انتخاب از پکیج&zwnj;های تعریف شده توسط مدیریت</li>\r\n	<li>محاسبه سود سرمایه گذاری بصورت داینامیک و خودکار</li>\r\n	<li>واریز خودکار سود سرمایه گذاری در زمان مشخص بصورت ثانیه&zwnj;ای</li>\r\n	<li>امکان برداشت خودکار</li>\r\n	<li>امکان تعریف درگاه برداشت خودکار متفاوت برای هر ارز و بصورت نامحدود</li>\r\n	<li>ربات تلگرام جهت معرفی و عضو گیری و دریافت ارز دیجیتال رایگان</li>\r\n	<li>امکان بازاریابی و دریافت سود از تراکنش&zwnj;های کاربران</li>\r\n	<li>بازاریابی با تعداد سطح نامحدود</li>\r\n	<li>لاتاری آنلاین</li>\r\n	<li>Lucky Time</li>\r\n	<li>بازی Duck Dice</li>\r\n	<li>مشاهده تمامی تراکنش&zwnj;ها بصورت کامل دقیق و قابل فیلتر</li>\r\n	<li>امکان ارسال تیکت پشتیبانی و مشاهده و مدیریت</li>\r\n	<li>امکان فعالسازی ورود دو مرحله&zwnj;ای</li>\r\n	<li>امکان مشاهده وضعیت سرور بصورت دقیق و ثانیه&zwnj;ای</li>\r\n	<li>و بسیاری امکانات دیگر</li>\r\n</ul>\r\n\r\n<p><strong>سورس این سایت رو میخوام بفروشم. هر کسی که نیاز داشت، میتونه باهام تماس بگیره. البته به تعداد محدود میخوام بفروشم که کسی ازش سوء استفاده نکنه.</strong></p>', 'پرهام', '1399-11-14', '1399-11-17', '2021-02-18 15:30:50', '2021-02-21 05:16:43'),
(6, 'اپلیکیشن سماک', 'سامانه معرفی و اطلاع رسانی کاندیداها', 'اپلیکیشن-سماک', 2, 61, '<p>سامانه سماک رو که قبلاً معرفی کرده بودیم. پس نیازی نیست دوباره توضیح بدم.<br />\r\nاپلیکیشن سماک رو هم برای راحتی کاربران برنامه نویسی کردیم. قابلیت&zwnj;هایی که سایت سماک داشت، همگی توی اپلیکیشن سماک وجود داشت. البته اپلیکیشن سماک امکانات بیشتری داشت که توی سایت سماک قرار نداده بودیم و فقط مختص اپلیکیشن بود.</p>\r\n\r\n<p>توی اپلیکیشن می&zwnj;تونستیم کاندیداهای ریاست جمهوری و یا شورای شهر رو مشاهده کنیم. همچنین کاندیداهای شورای شهر هر شهر رو می&zwnj;تونستیم جداگونه ببینیم. امکان لایک کردن کاندیداها یا همون اعلام هواداری توی نرم افزار وجود داشت. می&zwnj;تونستیم حتی بعد از فعال شدن رأی گیری مجازی، مثل رأی گیری رسمی و طبق قانون&zwnj;های رأی گیری رسمی، به کاندید مورد نظرمون رأی بدیم. همچنین امکان مشاهده اطلاعات کامل هر کاندید وجود داشت. عکس&zwnj;هایی هم که کاندیداها برای خودشون توی سایت ارسال کرده بودن توی اپلیکیشن سماک قابل مشاهده بود. امکان اشتراک گذاری و معرفی کاندیداها توی شبکه&zwnj;های اجتماعی هم وجود داشت که بتونیم کاندید موردنظرمون رو به دوستان و یا افراد دیگه معرفی کنیم.<br />\r\nیکی دیگه از امکاناتی که وجود داشت، امکان مشاهده حزب&zwnj;ها و یا لیست&zwnj;های انتخاباتی بود.</p>\r\n\r\n<p>اپلیکیشن سِماک رو بعد از انتخابات فعالیتشو متوقف کردیم تا بعداً دوباره فعالیتشو شروع کنه.</p>', 'شرکت سینامین', '1399-11-06', '1399-11-19', '2021-02-18 15:35:20', '2021-02-21 05:16:33'),
(7, 'اپلیکیشن جمع آوری اطلاعات و محاسبه آمار', 'جمع آوری اطلاعات و تحلیل آمار', 'اپلیکیشن-جمع-آوری-اطلاعات-و-محاسبه-آمار', 2, 65, '<p>این نرم افزار رو هم برای شرکت روبین ره پژوه ایرانیان نوشتم. با توجه به نیازی که دیده می&zwnj;شد، نرم افزار رو طوری نوشتم که کاملاً داینامیک باشه و از سمت سرور تنظیمات و اطلاعاتش تکمیل بشه. یعنی بصورت سوکت به سرور متصل می&zwnj;شد و اطلاعات رو رد و بدل می&zwnj;کرد.</p>\r\n\r\n<p>کاربرانی که از این نرم افزار استفاده می&zwnj;کردن، با نام کاربری و رمز عبور خودشون می&zwnj;تونستن وارد نرم افزار بشن. بعد با توجه به نوع کاربر، اطلاعاتی به کاربر نمایش داده می&zwnj;شد که می&zwnj;تونستن طبق دسترسی&zwnj;هایی که دارن، اطلاعاتی رو ثبت کنن که برای سرور ارسال بشه. ممکن بود برای ساعات و یا لحظاتی دسترسی به اینترنت مقدور نبود. ولی باز می&zwnj;تونستن از نرم افزار استفاده کنن و اطلاعات خودشون رو ثبت کنن. بعد به محض اینکه اینترنت متصل میشد، بصورت خودکار اطلاعات به سرور ارسال می&zwnj;شد.</p>', 'شرکت روبین ره پژوه ایرانیان', '1399-11-11', '1399-11-23', '2021-02-18 15:39:08', '2021-02-21 05:16:24'),
(8, 'اپلیکیشن معرفی رستوران‌ها و کافی شاپ‌ها', 'معرفی رستوران‌ها و کافی شاپ‌ها', 'اپلیکیشن-معرفی-رستوران-ها-و-کافی-شاپ-ها', 2, 66, '<p>نرم افزارهای معرفی رستوران&zwnj;ها و کافی شاپ&zwnj;هایی که الان هست زیاد جالب نیستن از نظر من. برای همین یه نرم افزاری ساختیم که از نظر امکانات و گرافیک بسیار بهتر از نرم افزارهای موجود بود. این نرم افزار رو هم برای یه تیمی نوشتم. ولی چون هنوز ارائه ندادن، اجازه معرفی امکانات اون رو ندارم :-) بعداً احتمالاً اجازه معرفی امکانات و عکس&zwnj;های اون رو می&zwnj;گیرم و توی سایتم معرفی می&zwnj;کنم.</p>\r\n\r\n<p>ولی در کل نرم افزار توپی شده و اگر مشتری&zwnj;ای خواست که به عنوان نمونه کار بهش نشون بدم، بصورت حضوری می&zwnj;تونم اینکارو انجام بدم براشون و اجازه ارسال نرم افزار رو ندارم :-)</p>', 'محرمانه', '1399-11-07', '1399-11-26', '2021-02-18 15:41:19', '2021-02-21 05:16:09');

-- --------------------------------------------------------

--
-- Table structure for table `portfolio_category`
--

CREATE TABLE `portfolio_category` (
  `id` bigint(20) UNSIGNED NOT NULL,
  `name` varchar(255) COLLATE utf8mb4_unicode_ci NOT NULL,
  `slug` varchar(255) COLLATE utf8mb4_unicode_ci NOT NULL,
  `created_at` timestamp NULL DEFAULT NULL,
  `updated_at` timestamp NULL DEFAULT NULL
) ENGINE=InnoDB DEFAULT CHARSET=utf8mb4 COLLATE=utf8mb4_unicode_ci;

--
-- Dumping data for table `portfolio_category`
--

INSERT INTO `portfolio_category` (`id`, `name`, `slug`, `created_at`, `updated_at`) VALUES
(1, 'وب سایت', 'website', '2021-02-18 13:53:11', '2021-02-18 13:53:11'),
(2, 'اندروید', 'android', '2021-02-18 13:53:48', '2021-02-18 13:53:48');

-- --------------------------------------------------------

--
-- Table structure for table `portfolio_expertise`
--

CREATE TABLE `portfolio_expertise` (
  `id` bigint(20) UNSIGNED NOT NULL,
  `portfolio_id` bigint(20) UNSIGNED DEFAULT NULL,
  `expertise_id` bigint(20) UNSIGNED DEFAULT NULL,
  `created_at` timestamp NULL DEFAULT NULL,
  `updated_at` timestamp NULL DEFAULT NULL
) ENGINE=InnoDB DEFAULT CHARSET=utf8mb4 COLLATE=utf8mb4_unicode_ci;

--
-- Dumping data for table `portfolio_expertise`
--

INSERT INTO `portfolio_expertise` (`id`, `portfolio_id`, `expertise_id`, `created_at`, `updated_at`) VALUES
(2, 1, 7, '2021-02-18 14:16:11', '2021-02-18 14:16:11'),
(3, 1, 8, '2021-02-18 14:16:11', '2021-02-18 14:16:11'),
(4, 1, 15, '2021-02-18 14:16:11', '2021-02-18 14:16:11'),
(5, 1, 16, '2021-02-18 14:16:11', '2021-02-18 14:16:11'),
(6, 1, 17, '2021-02-18 14:16:11', '2021-02-18 14:16:11'),
(7, 1, 18, '2021-02-18 14:16:11', '2021-02-18 14:16:11'),
(8, 1, 20, '2021-02-18 14:16:11', '2021-02-18 14:16:11'),
(9, 1, 21, '2021-02-18 14:16:11', '2021-02-18 14:16:11'),
(10, 1, 22, '2021-02-18 14:17:00', '2021-02-18 14:17:00'),
(11, 1, 23, '2021-02-18 14:17:00', '2021-02-18 14:17:00'),
(12, 1, 26, '2021-02-18 14:17:00', '2021-02-18 14:17:00'),
(13, 1, 27, '2021-02-18 14:17:00', '2021-02-18 14:17:00'),
(14, 1, 28, '2021-02-18 14:17:00', '2021-02-18 14:17:00'),
(15, 1, 29, '2021-02-18 14:17:00', '2021-02-18 14:17:00'),
(16, 1, 32, '2021-02-18 14:17:00', '2021-02-18 14:17:00'),
(18, 2, 4, '2021-02-18 14:20:58', '2021-02-18 14:20:58'),
(19, 2, 7, '2021-02-18 14:20:58', '2021-02-18 14:20:58'),
(20, 2, 18, '2021-02-18 14:20:58', '2021-02-18 14:20:58'),
(21, 2, 19, '2021-02-18 14:20:58', '2021-02-18 14:20:58'),
(22, 2, 26, '2021-02-18 14:20:58', '2021-02-18 14:20:58'),
(23, 3, 1, '2021-02-18 14:25:53', '2021-02-18 14:25:53'),
(24, 3, 2, '2021-02-18 14:25:53', '2021-02-18 14:25:53'),
(25, 3, 4, '2021-02-18 14:25:53', '2021-02-18 14:25:53'),
(26, 3, 5, '2021-02-18 14:25:53', '2021-02-18 14:25:53'),
(27, 3, 7, '2021-02-18 14:25:53', '2021-02-18 14:25:53'),
(28, 3, 16, '2021-02-18 14:25:53', '2021-02-18 14:25:53'),
(29, 3, 17, '2021-02-18 14:25:53', '2021-02-18 14:25:53'),
(30, 3, 18, '2021-02-18 14:25:53', '2021-02-18 14:25:53'),
(31, 3, 22, '2021-02-18 14:25:53', '2021-02-18 14:25:53'),
(32, 3, 23, '2021-02-18 14:25:53', '2021-02-18 14:25:53'),
(33, 3, 26, '2021-02-18 14:25:53', '2021-02-18 14:25:53'),
(34, 3, 27, '2021-02-18 14:25:53', '2021-02-18 14:25:53'),
(35, 3, 28, '2021-02-18 14:25:53', '2021-02-18 14:25:53'),
(36, 3, 29, '2021-02-18 14:25:53', '2021-02-18 14:25:53'),
(37, 3, 32, '2021-02-18 14:25:53', '2021-02-18 14:25:53'),
(41, 4, 34, '2021-02-18 15:26:01', '2021-02-18 15:26:01'),
(42, 1, 2, '2021-02-18 15:26:58', '2021-02-18 15:26:58'),
(43, 4, 2, '2021-02-18 15:28:26', '2021-02-18 15:28:26'),
(44, 4, 7, '2021-02-18 15:28:26', '2021-02-18 15:28:26'),
(45, 4, 16, '2021-02-18 15:28:26', '2021-02-18 15:28:26'),
(46, 4, 17, '2021-02-18 15:28:26', '2021-02-18 15:28:26'),
(47, 4, 18, '2021-02-18 15:28:26', '2021-02-18 15:28:26'),
(48, 4, 19, '2021-02-18 15:28:26', '2021-02-18 15:28:26'),
(49, 4, 21, '2021-02-18 15:28:26', '2021-02-18 15:28:26'),
(50, 4, 22, '2021-02-18 15:28:26', '2021-02-18 15:28:26'),
(51, 4, 23, '2021-02-18 15:28:26', '2021-02-18 15:28:26'),
(52, 4, 26, '2021-02-18 15:28:26', '2021-02-18 15:28:26'),
(53, 4, 28, '2021-02-18 15:28:26', '2021-02-18 15:28:26'),
(54, 5, 7, '2021-02-18 15:32:39', '2021-02-18 15:32:39'),
(55, 5, 8, '2021-02-18 15:32:39', '2021-02-18 15:32:39'),
(56, 5, 24, '2021-02-18 15:32:39', '2021-02-18 15:32:39'),
(57, 5, 25, '2021-02-18 15:32:39', '2021-02-18 15:32:39'),
(58, 5, 26, '2021-02-18 15:32:39', '2021-02-18 15:32:39'),
(59, 5, 28, '2021-02-18 15:32:39', '2021-02-18 15:32:39'),
(60, 5, 35, '2021-02-18 15:32:39', '2021-02-18 15:32:39'),
(61, 6, 6, '2021-02-18 15:37:20', '2021-02-18 15:37:20'),
(62, 6, 7, '2021-02-18 15:37:20', '2021-02-18 15:37:20'),
(63, 6, 8, '2021-02-18 15:37:20', '2021-02-18 15:37:20'),
(64, 6, 13, '2021-02-18 15:37:20', '2021-02-18 15:37:20'),
(65, 6, 24, '2021-02-18 15:37:20', '2021-02-18 15:37:20'),
(66, 6, 25, '2021-02-18 15:37:20', '2021-02-18 15:37:20'),
(67, 6, 26, '2021-02-18 15:37:20', '2021-02-18 15:37:20'),
(68, 6, 27, '2021-02-18 15:37:20', '2021-02-18 15:37:20'),
(69, 6, 28, '2021-02-18 15:37:20', '2021-02-18 15:37:20'),
(70, 6, 29, '2021-02-18 15:37:20', '2021-02-18 15:37:20'),
(71, 6, 33, '2021-02-18 15:37:20', '2021-02-18 15:37:20'),
(72, 7, 6, '2021-02-18 15:40:07', '2021-02-18 15:40:07'),
(73, 7, 7, '2021-02-18 15:40:07', '2021-02-18 15:40:07'),
(74, 7, 8, '2021-02-18 15:40:07', '2021-02-18 15:40:07'),
(75, 7, 13, '2021-02-18 15:40:07', '2021-02-18 15:40:07'),
(76, 7, 24, '2021-02-18 15:40:07', '2021-02-18 15:40:07'),
(77, 7, 25, '2021-02-18 15:40:07', '2021-02-18 15:40:07'),
(78, 7, 27, '2021-02-18 15:40:07', '2021-02-18 15:40:07'),
(79, 7, 28, '2021-02-18 15:40:07', '2021-02-18 15:40:07'),
(80, 7, 29, '2021-02-18 15:40:07', '2021-02-18 15:40:07'),
(81, 7, 33, '2021-02-18 15:40:07', '2021-02-18 15:40:07'),
(82, 8, 4, '2021-02-18 15:42:13', '2021-02-18 15:42:13'),
(83, 8, 6, '2021-02-18 15:42:13', '2021-02-18 15:42:13'),
(84, 8, 7, '2021-02-18 15:42:13', '2021-02-18 15:42:13'),
(85, 8, 13, '2021-02-18 15:42:13', '2021-02-18 15:42:13'),
(86, 8, 24, '2021-02-18 15:42:13', '2021-02-18 15:42:13'),
(87, 8, 25, '2021-02-18 15:42:13', '2021-02-18 15:42:13'),
(88, 8, 26, '2021-02-18 15:42:13', '2021-02-18 15:42:13'),
(89, 8, 27, '2021-02-18 15:42:13', '2021-02-18 15:42:13'),
(90, 8, 28, '2021-02-18 15:42:13', '2021-02-18 15:42:13'),
(91, 8, 33, '2021-02-18 15:42:13', '2021-02-18 15:42:13'),
(92, 3, 8, '2021-02-19 10:16:20', '2021-02-19 10:16:20'),
(93, 3, 34, '2021-02-19 10:16:20', '2021-02-19 10:16:20'),
(94, 3, 21, '2021-02-19 10:16:58', '2021-02-19 10:16:58'),
(95, 9, 5, '2021-02-24 20:04:24', '2021-02-24 20:04:24'),
(96, 9, 4, '2021-02-24 20:04:28', '2021-02-24 20:04:28'),
(97, 9, 6, '2021-02-24 20:04:28', '2021-02-24 20:04:28');

-- --------------------------------------------------------

--
-- Table structure for table `portfolio_slider`
--

CREATE TABLE `portfolio_slider` (
  `id` bigint(20) UNSIGNED NOT NULL,
  `portfolio_id` bigint(20) UNSIGNED DEFAULT NULL,
  `image_id` bigint(20) UNSIGNED DEFAULT NULL,
  `created_at` timestamp NULL DEFAULT NULL,
  `updated_at` timestamp NULL DEFAULT NULL
) ENGINE=InnoDB DEFAULT CHARSET=utf8mb4 COLLATE=utf8mb4_unicode_ci;

--
-- Dumping data for table `portfolio_slider`
--

INSERT INTO `portfolio_slider` (`id`, `portfolio_id`, `image_id`, `created_at`, `updated_at`) VALUES
(1, 1, 38, '2021-02-18 14:12:16', '2021-02-18 14:12:16'),
(2, 1, 39, '2021-02-18 14:12:20', '2021-02-18 14:12:20'),
(3, 1, 40, '2021-02-18 14:12:24', '2021-02-18 14:12:24'),
(4, 1, 41, '2021-02-18 14:12:27', '2021-02-18 14:12:27'),
(5, 1, 42, '2021-02-18 14:12:31', '2021-02-18 14:12:31'),
(6, 3, 45, '2021-02-18 14:23:30', '2021-02-18 14:23:30'),
(7, 3, 46, '2021-02-18 14:23:34', '2021-02-18 14:23:34'),
(8, 3, 47, '2021-02-18 14:23:37', '2021-02-18 14:23:37'),
(9, 3, 48, '2021-02-18 14:23:40', '2021-02-18 14:23:40'),
(10, 4, 50, '2021-02-18 14:28:44', '2021-02-18 14:28:44'),
(11, 4, 51, '2021-02-18 14:28:47', '2021-02-18 14:28:47'),
(12, 4, 52, '2021-02-18 14:28:51', '2021-02-18 14:28:51'),
(13, 5, 54, '2021-02-18 15:31:43', '2021-02-18 15:31:43'),
(14, 5, 55, '2021-02-18 15:31:46', '2021-02-18 15:31:46'),
(15, 5, 56, '2021-02-18 15:31:49', '2021-02-18 15:31:49'),
(16, 5, 57, '2021-02-18 15:31:53', '2021-02-18 15:31:53'),
(17, 5, 58, '2021-02-18 15:31:56', '2021-02-18 15:31:56'),
(18, 5, 59, '2021-02-18 15:31:59', '2021-02-18 15:31:59'),
(19, 5, 60, '2021-02-18 15:32:02', '2021-02-18 15:32:02'),
(20, 6, 62, '2021-02-18 15:36:14', '2021-02-18 15:36:14'),
(21, 6, 63, '2021-02-18 15:36:17', '2021-02-18 15:36:17'),
(22, 6, 64, '2021-02-18 15:36:20', '2021-02-18 15:36:20');

-- --------------------------------------------------------

--
-- Table structure for table `post`
--

CREATE TABLE `post` (
  `id` bigint(20) UNSIGNED NOT NULL,
  `name` varchar(255) COLLATE utf8mb4_unicode_ci NOT NULL,
  `slug` varchar(255) COLLATE utf8mb4_unicode_ci NOT NULL,
  `post_category_id` bigint(20) UNSIGNED DEFAULT NULL,
  `image_id` bigint(20) UNSIGNED DEFAULT NULL,
  `text` longtext COLLATE utf8mb4_unicode_ci NOT NULL,
  `created_at` timestamp NULL DEFAULT NULL,
  `updated_at` timestamp NULL DEFAULT NULL
) ENGINE=InnoDB DEFAULT CHARSET=utf8mb4 COLLATE=utf8mb4_unicode_ci;

--
-- Dumping data for table `post`
--

INSERT INTO `post` (`id`, `name`, `slug`, `post_category_id`, `image_id`, `text`, `created_at`, `updated_at`) VALUES
(1, 'نماد اعتماد الکترونیک (اینماد) پول زور می‌خواد', 'نماد-اعتماد-الکترونیک-اینماد-پول-زور-می-خواد', 3, 69, '<p>چند سال پیش نماد اعتماد الکترونیک اومد. بهش میگیم اینماد (Enamad)<br />\r\nمثلاً برای این بود که هر سایتی که درگاه پرداخت داره، باید نماد اعتماد بگیره. وگرنه درگاه پرداختش قطع میشه و هر سایت جدیدی که می&zwnj;خواد درگاه بگیره باید اول نماد اعتماد بگیره.</p>\r\n\r\n<p>اون زمان فکر کنم حدود یک ماه تا دو ماه طول کشید که من بتونم برای سایتم نماد اعتماد بگیرم. میرفتم درگاه بگیرم، میگفتن اول باید بری نماد اعتماد بگیری. بعد میرفتم نماد اعتماد بگیرم، میگفتن باید اول درگاه پرداخت داشته باشی که ما بیایم تست کنیم واقعاً توی سایتت پرداخت انجام میشه که بهت درگاه بدیم یا نه. خلاصه کلی مکافات داشتم که تونستم درگاه بگیرم.</p>\r\n\r\n<p>بعد به سایتم که نماد اعتماد داده بودن، هر سال موقع تمدید باز میومدن گیر میدادن که فلان مورد رو رعایت نکردی و &hellip;&nbsp;. هر بار هم میرفتم بهشون میگفتم این موردی بوده که قبلاً باهاتون صحبت کردم و خودتون تأیید کردید و بهم نماد اعتماد دادید. با چند روز تأخیر&nbsp;باز تمدید میکردن.</p>\r\n\r\n<p>بعد از چند سال گفتن که باید هزینه پست که ارسال میشه رو خودتون واریز کنید. گفتیم باشه. واریز میکنیم. بعد مثل اینکه گفتن هر 3 ماه باید احراز هویت بشید. بازم اوکی کردیم. دیگه جدیداً (الان که این پست رو مینویسم، 7 ماهی هست) میگن علاوه بر هزینه پست که میدید، باید 175 هزارتومان هم پرداخت کنید.</p>\r\n\r\n<p>ازشون پرسیدم این 175 هزارتومان برای چی هست دقیقاً؟ چرا باید این هزینه رو پرداخت کنم؟ چرا اصلاً 175 هزارتومان؟ طبق کدوم محاسبات حساب کردین که این 175 هزار تومان رو باید بدیم؟</p>\r\n\r\n<p>جواب درستی به من نمیدن. فقط میگن باید این هزینه رو پرداخت کنی. منم زیر بار حرف زور نمیرم. درگاهی که از سال 90 فکر کنم دارم رو&nbsp;<strong>کنسل</strong>&nbsp;می&zwnj;کنم.&nbsp;<strong>ولی اینماد نمیگیرم.&nbsp;</strong>میرم از این درگاه&zwnj;های واسط می&zwnj;گیرم. بدون دردسر</p>\r\n\r\n<p>حالا اصلاً فررررررررررض کنیم که این 175 هزارتومان هم حقشونه و باید پرداخت کنیم. چرااااااااااااااا باید برای دو تا یا هر چند تا دامنه&zwnj;ای که توی سایت ثبت کردم، از اول همه احراز هویت و پست و هزینه رو پرداخت کنم؟</p>\r\n\r\n<p>مگه همه مشخصات،&nbsp;آدرس،&nbsp;کد پستی،&nbsp;شماره تلفن،&nbsp;شماره موبایل و &hellip;&nbsp;یکی نیستن؟ چرا باید مجدداً هزینه رو بدم؟ دقیقاً اینا برای هر دامنه چه کاری انجام می&zwnj;دن که باید برای هر کدوم از دامنه&zwnj;هام، مبلغ 175 هزارتومان پرداخت کنم؟</p>\r\n\r\n<p>متاسفانه توی کشورمون به جای اینکه کمک کنن که کسب و کارها راه بیفتن، فقط دارن سنگ میندازن و کارها رو سخت می&zwnj;کنن. هزار تا مجوز و &hellip;&nbsp;باید بگیری. هر بار باید هزینه پرداخت کنی و &hellip;&nbsp;.</p>\r\n\r\n<p>همین اینماد هم مثلاً از یه سایتی بخوایم شکایت کنیم، اصلاً پیگیری درستی نمیکنن. یه بار فکر کنم از یه سایتی شکایت کردم، تقریباً هر 1 ماه یه بار یه پیام میومد برام که مثلاً پیگیری میکنن. یه بار اون سایتی که ازش شکایت کرده بودم رو محکوم کرد و بهش فرصت داده بود که تا 3 روز جواب بده. 3 روز شد 5 روز و جواب نداد. بعد دوباره تمدید کرد که فلان روز دیگه وقت داری جواب بدی. بعد اون سایته فکر کنم 1 ماه بعد جواب داد. بعد دوباره تا جواب بعدی هی بهش مهلت میداد و هی 3 بار 3 بار میشد که دیگه خودم خسته شدم. دیگه ادامه ندادم.</p>\r\n\r\n<p>اصلاً نماد اعتماد دقیقاً کارش چیه؟ آیا&nbsp;<strong>ضمانت</strong>&nbsp;می&zwnj;کنه که پولمون رو ندزدن؟ اگه ضمانت نمی&zwnj;کنه، پس دقیقاً چرا این 175 هزارتومان رو داره میگیره؟ پول زوره؟</p>\r\n\r\n<p>&nbsp;</p>\r\n\r\n<h3>روش کار نماد اعتماد اشتباهه:</h3>\r\n\r\n<p>والا از روز اولی که اومد (همون سال 1389) من گفتم که این روش کاملاً اشتباهه. آخه کاربر عادی از کجا میدونه این صفحه نماد اعتماد واقعیه یا نه؟ خب فوقش منم میتونم برم سایت بسازم. باهاش از مردم پول بگیرم و چیزی بهشون تحویل ندم. تازه عکس نماد اعتماد رو هم توی سایتم بزارم.</p>\r\n\r\n<p>شاید بگید خب وقتی روش کلیک می&zwnj;کنیم یه صفحه&zwnj;ای باز میشه (قبلاً پاپاپ بود) که مشخصات اون سایت و صاحب سایت و آدرس و &hellip;&nbsp;رو نشون میده و می&zwnj;تونیم متوجه بشیم که این سایت مورد اعتماد هست یا نه؟ خب ساخت همون سایت تقلبی مگه کار سختیه؟ این همه درگاه پرداخت تقلبی می&zwnj;سازن و باهاش حساب مردم رو خالی می&zwnj;کنن. صفحه نماد اعتماد که دیگه اصلاً کاری نداره.</p>\r\n\r\n<p>پس روش کار نماد اعتماد کاملاً اشتباهه. راه حل بهتری هست که می&zwnj;شه ارائه داد.</p>\r\n\r\n<p>&nbsp;</p>\r\n\r\n<h3>یکی از اشکالات نماد اعتماد:</h3>\r\n\r\n<p>یکی دیگه از اشکالاتی که نماد اعتماد داره اینه که مثلاً نوع شغل&zwnj;هایی که تعریف نشده براش و جدید هستن، نمی&zwnj;تونن نماد اعتماد بگیرن. وقتی هم بهشون میگیم، میگن هنوز قانونی براش تعریف نشده و &hellip;&nbsp;. پس کلاً شغل&zwnj;های جدید نمی&zwnj;تونن نماد اعتماد بگیرن و &hellip;&nbsp;.</p>\r\n\r\n<p>&nbsp;</p>\r\n\r\n<p>نماد اعتماد اگر پولی میگیره بااااااااااید پاسخگو باشه. اگر وبسایتی دزدی کرد، چون این مجوز داده بهش و باعث شده که ما بهش اعتماد کنیم، باااااااید پاسخگو باشه. باید خسارت ما رو بده. آیا نماد اعتماد حاضر میشه این کار رو بکنه؟ معلومه که نه. تنها کاری که میکنه اینه که یه پیام میده به صاحب اون سایته و میگه جریان چی بوده؟ اون طرف هم جواب نده حدود چند هفته هی بهش مهلت میده هی مهلت میده که شاکی دیگه پشیمون میشه از حقش&hellip; . خب پس چرا نماد داره از ما پول میگیره؟!!! نمیدونم واقعاً</p>\r\n\r\n<p>&nbsp;</p>\r\n\r\n<p>من از پشتیبانی نماد اعتماد پرسیدم که این پول رو برای چی میگیرید و چرا باید از اول احراز هویت میکنیم برای دامنه&zwnj;هایی که همه چیزش یکسان هست و ...، تا امروز که این جواب رو دادن بهم.</p>\r\n\r\n<p>* ببینید چقدررررررررررر طول میکشه که یه پیام رو جواب بدن!!! (تاریخ جواب&zwnj;ها رو ببینید. باکس&zwnj;های آبی) این چه خدماتیه که ارائه میدن؟!!!</p>\r\n\r\n<p><img alt=\"متن پیام های نماد اعتماد\" src=\"https://aminbahrami.ir/assets/img/blog/19/screen1.jpg\" /></p>\r\n\r\n<p><img alt=\"پیام های نماد اعتماد\" src=\"https://aminbahrami.ir/assets/img/blog/19/screen2.jpg\" /></p>\r\n\r\n<p><strong>نماد اعتماد بی نماد اعتماد. تماااااااااااام</strong></p>', '2021-02-18 15:47:42', '2021-02-21 05:19:46'),
(4, 'باز نوبت فیلتر اینستاگرام شد', 'باز-نوبت-فیلتر-اینستاگرام-شد', 3, 73, '<p>الان که دارم این پست رو می&zwnj;نویسم، خبرهایی هست که می&zwnj;خوان اینستاگرام رو هم فیلتر کنن!!! اونم به یه دلیل خیییلی مسخره.</p>\r\n\r\n<p>دلیلشون هم این گفتن که تعدادی افراد (سلبریتی&zwnj;ها) به بهانه جمع کردن پول برای مثلاً کمک به زلزله زدگان، افراد بی بضاعت و ...، پول جمع می&zwnj;کنند و برای خودشون استفاده می&zwnj;کنند. اصلاً کاری ندارم که این اتفاق میفته یا نه! ولی آیا واقعاً این دلیل مسخره نیست؟<br />\r\nخب اگه اینطوره دیگه مثلاً نباید چاقویی تولید بشه! چون یه نفر رفته با چاقو آدم کشته!!!<br />\r\nراستی همین سلبریتی&zwnj;ها از اینترنت هم استفاده کردن که تونستن وارد اینستاگرام بشنااا. فکر کنم اینترنت هم باید کلاً قطع بشه. چون بعضی&zwnj;ها با همین اینترنت رفتن وارد شبکه&zwnj;های اجتماعی شدن و کارای خلاف و کارایی که شما دوست ندارید انجام دادن!!! (هر چند که واقعاً دور از انتظار نیست که همین ادعا رو هم بکنن که کلاً اینترنت باید قطع بشه!)</p>\r\n\r\n<p>آقای معاون اول دادستان کل کشور، شما خودتون به این بهونه&zwnj;ای که آوردید فکر کنید! از نظر خودتون مسخره نیست؟ شما اگه ادعا می&zwnj;کنید که کلاهبرداری شده، چرا اقدام نمی&zwnj;کنید؟ اگر می&zwnj;دونید که کلاهبرداری شده و کاری نمی&zwnj;کنید، پس شما کوتاهی کردید و وظیفه&zwnj;ی خودتون رو انجام ندادید.<br />\r\nولی اگر نمی&zwnj;دونید که کلاهبرداری شده و فقط بهونه آوردید، پس تهمت زدین و باز هم مقصر هستید. پس سلبریتی&zwnj;ها باید ازتون شکایت کنند که بهشون تهمت زدید.</p>\r\n\r\n<p>اولش فکر می&zwnj;کردم که معاون اول دادستان، این حرف رو نزده. ولی رفتم که مطمئن بشم؛ دیدم توی سایت فارس نیوز هم این خبر وجود داره که این حرف زده شده.<br />\r\nاینم لینک خبر توی فارس نیوز (البته اگه خبر رو پاک نکنن):<br />\r\n<a href=\"https://www.farsnews.com/news/13970412001091/\" target=\"_blank\">https://www.farsnews.com/news/13970412001091/</a></p>\r\n\r\n<p>یکی دیگه از دلایلشون هم اینه که اینستاگرام نقش آشکاری در ایجاد آشوب و اعتشاشات و ... داره. خب شما به جای اینکه نذارید مردم مشکلی داشته باشن که مثلاً به اعتراض و آشوب و ... کشیده بشه، دارید اینستاگرام رو فیلتر می&zwnj;کنید که مردم، دیگه راحت&zwnj;تر متوجه اعتراض بقیه نشن و مثلاً کنترل کنید. ولی این اشتباهه.</p>\r\n\r\n<p><strong>اگر دادستانی، دولت و ... اینقدر که برای فیلترینگ و اذیت کردن مردم دارن تلاش می&zwnj;کنن، برای مشکلات کشور تلاش می&zwnj;کردن، الان وضع کشور این نبود. البته اگر اصلاً مشکلات کشور براشون مهم باشه.</strong></p>\r\n\r\n<p>من دارم اینطوری فکر می&zwnj;کنم، هر چیزی که مردم رو از مشکلات، دزدی&zwnj;ها (زشته؛ نگیم دزدی. بگیم اختلاس) و خیانت&zwnj;ها و ... باخبر می&zwnj;کنه رو دارن فیلتر می&zwnj;کنند که مردم از هیچ چیزی خبر نداشته باشن تا با خیال راحت این کارها رو انجام بدن. هر چند مردم هم بدونن براشون مهم نیست!</p>\r\n\r\n<p>آقای آذری جهرمی هم حتی بعد از خبر فیلتر اینستاگرام، یه توییتی رو ارسال کردن:</p>\r\n\r\n<blockquote>\r\n<p dir=\"rtl\">موضوع پیگیری برخی برای &quot;فیلتر&quot; سرویسهای مختلف اینترنتی تازگی ندارد. &quot;رفع فیلتر&quot; توئیتر در صف انتظار جلسه کارگروه تعیین مصادیق قرار دارد. آنچه تازگی دارد طرح یک موضوع قدیمی توسط برخی رسانه&zwnj;ها برای انحراف افکار عمومی از مطالبه&zwnj;گری&nbsp;<a href=\"https://twitter.com/hashtag/%D8%B4%D9%81%D8%A7%D9%81_%D8%B3%D8%A7%D8%B2%DB%8C?src=hash&amp;ref_src=twsrc%5Etfw\" target=\"_blank\">#شفاف_سازی</a>&nbsp;سوءاستفاده کنندگان ارزی اخیر است</p>\r\n&mdash; MJ Azari Jahromi (@azarijahromi)&nbsp;<a href=\"https://twitter.com/azarijahromi/status/1014345781233545217?ref_src=twsrc%5Etfw\" target=\"_blank\">مشاهده</a></blockquote>\r\n\r\n<p>شما اگر جایگزین مطمئن (مطمئن مطمئن مطمئن) برای اینستاگرام، تلگرام و ... معرفی کنید، من خودم به شخصه از هیچ کدومش استفاده نمی&zwnj;کنم و از جایگزینش که مال کشور خودمونه استفاده می&zwnj;کنم.</p>\r\n\r\n<p>ولی مشکل جای دیگه&zwnj;ای هست. اکثر مردم به شما (دولت، قوه قضائیه، ...) اعتماد ندارند. وگرنه اینقدر تبلیغات سنگین که می&zwnj;کردید که مثلاً از سروش استفاده کنید و ...، باید جواب میداد. صحبت قوه قضائیه شد؛ من خودم اصلاً دید مثبتی به قوه قضائیه ندارم.</p>\r\n\r\n<p>اصلاً من حاضرم با نصف این هزینه&zwnj;ای که شما برای تبلیغاتتون انجام می&zwnj;دید کاری کنم که مردم واقعاً تمایل داشته باشند از پیام رسان&zwnj;ها و شبکه&zwnj;های اجتماعی ایرانی استفاده کنند. اصلاً از کالای ایرانی استفاده کنند و افتخار کنند که از کالای ایرانی استفاده می&zwnj;کنند. (ولی با تغییرات)</p>\r\n\r\n<p>البته من توی این مسئولانی که کمی میشناسمشون، &laquo;یه کم&raquo; آقای جهرمی رو قبول دارم. اگر محدودیت نداشت، فکر کنم کارهای خیلی بهتری انجام می&zwnj;داد. دلیل اینکه میگم یه کم، اینه که آدما در ظاهر یه چیزی هستن ولی در باطن یه آدم دیگه هستن. انشاالله که ایشون اینطوری نباشن.</p>\r\n\r\n<p>همچنان میگم که مشکل مردم اعتماده. یه فکری به حال اعتماد مردم کنید تا اتحاد واقعی رو ببینید. با این کاراتون فقط دارید مردم رو از خودتون دور می&zwnj;کنید و جبرانش بسیار بسیار سخت خواهد بود.</p>', '2021-02-18 16:55:54', '2021-02-21 05:19:35'),
(5, 'فارسی سازی بوت استرپ 3 و 4', 'فارسی-سازی-بوت-استرپ-3-و-4', 4, 74, '<p>برنامه نویس&zwnj;های وب که از بوت استرپ استفاده میکنن، مطمئناً با این مشکل روبرو بودن که برای قالب&zwnj;های فارسی (راست به چپ) مشکل داشتن. چون ساختار اصلی بوت استرپ، چپ به راست هست و برای سایت&zwnj;های غیر فارسی یا سایت&zwnj;های چپ به راست مناسب بود.</p>\r\n\r\n<p>توی اینترنت اگر سرچ کرده باشید، افرادی اومدن بوت استرپ رو راست به چپ کردن و گذاشتن برای دانلود. حتی پیش اومده که میفروشنش!!!</p>\r\n\r\n<p>ولی طبق تجربه خودم، همه اونا که دیدم و تستشون کردم، مشکل داشتن و درست کار نمیکردن و دردسر داشتیم باهاشون.</p>\r\n\r\n<p>میخوام به شما روش فارسی سازی رو توی کمتر از یک دقیقه آموزش بدم. من همیشه برای پروژه&zwnj;هایی که می&zwnj;نویسم، از همین روش استفاده می&zwnj;کنم و فارسی سازی میکنم. تا الان هم هیچ مشکلی نداشتم و خیلی قشنگ و نرمال داره کار میکنه. به نظر خودم که مطمئن ترین روش همینه. نیازی هم نیست که از سایت&zwnj;های دیگه دانلود کنیم و یا اینکه حتی خریداری کنیم.</p>\r\n\r\n<p>این روش همیشه کار میکنه. فرقی نمیکنه که نسخه 3 بوت استرپ باشه یا نسخه 4 که جدیداً اومده. در هر صورت جواب میده.</p>\r\n\r\n<p>خب. برای اینکه کیفیت آموزش بهتر باشه و بصورت عملی هم کار کنیم، تصمیم گرفتم که فیلم آموزش انجام این کار رو ضبط کنم. شما توی ویدئوی پایین، روش کار رو میتونید ببینید. اگر سوالی داشتید توی کامنت&zwnj;ها بپرسید. حتماً جواب میدم. (البته اگر بلد باشم)<br />\r\nتوی این ویدئو، نحوه دانلود، کامپایل و فارسی سازی (یا همون راست به چپ کردن) بوت استرپ رو آموزش میدم. حتی بهینه سازی بوت استرپ رو برای پروژه&zwnj;هامون توضیح میدم که سایت&zwnj;های سبک&zwnj;تری داشته باشیم.</p>\r\n\r\n<p>اگه دیدین کیفیتش پایینه، بزارید روی کیفیت بالاتر (گوشه پایین سمت راست). چون آپارات مثل اینکه پیش فرض داره با کیفیت 360 نشون میده که زیاد جالب نمیشه.</p>\r\n\r\n<p>&nbsp;</p>\r\n\r\n<p><iframe height=\"100%\" src=\"https://www.aparat.com/video/video/embed/videohash/WJqiE/vt/frame\" title=\"فارسی سازی بوت استرپ در یک دقیقه\" width=\"100%\"></iframe></p>\r\n\r\n<p>&nbsp;</p>\r\n\r\n<p>البته این ویدئو رو قرار بود خیلی زودتر قرار بدم و دوستان هم خیلی پیگیری کردن. ولی خب درگیری&zwnj;ها زیاد بود. یکیش اینکه لپ تاپم خراب شد و تقریباً دو ماه گارانتی بود :-) به لپ تاپ ضعیف دیگه&zwnj;ای داشتم که ضبط صدا باهاش خیلی نویز داشت.<br />\r\nدیگه ببخشید دیر شد :-)</p>', '2021-02-18 16:57:43', '2021-02-21 05:19:26'),
(6, 'دنبال گرافیست خوب می‌گردی؟', 'دنبال-گرافیست-خوب-می-گردی', 5, 76, '<p>اول یه توضیحی کوچیک بدم، بعد یه گرافیست خیلی کار درست رو بهتون معرفی می&zwnj;کنم :-)</p>\r\n\r\n<p>برنامه نویس&zwnj;ها اگه خودشون بخوان تنهایی کار کنن، همون بهتر که کار نکنن :-D منظورم اینه که اگه خودشون میخوان گرافیک رو بزنن و خودشون هم کدنویسی کنن کاره خوب در نمیاد. دیگه هر کسی جایی تخصص و یا استعداد داره. کار رو باید داد دست متخصصش.</p>\r\n\r\n<p>بازدیدکنندگان سایت یا اپلیکیشن و ... فقط ظاهر رو می&zwnj;بینن. در اصل UI و UX برای کاربر مهمه. کاری ندارن که اون سایت یا اپلیکیشن و ... چقدر حرفه&zwnj;ای برنامه نویسی شده و ... .<br />\r\nپس اگر می&zwnj;خوایم که کاربرا جذب بشن، باید به UI و UX توجه خیلی زیادی کنیم.</p>\r\n\r\n<p>بعضی از مشتری&zwnj;ها (شخص یا شرکت و ...) که برای پروژه تماس میگیرن، به من میگن خودت گرافیک رو بزن. در اصل می&zwnj;خوان که گرافیک رو از سایت&zwnj;های دیگه کپی کنم و ... . میگن با سلیقه خودت. من که هیچ وقت این کار رو قبول نمی&zwnj;کنم. چون اگه با سلیقه خودم بزنم که کلاً همه فراری میشن از سایت یا اپلیکیشنه :-D</p>\r\n\r\n<p>همیشه میگم اگر خودتون گرافیست سراغ دارید، بدید طراحی کنه. اگه نه که خودم یه گرافیست حرفه&zwnj;ای و کار درست رو بهتون معرفی می&zwnj;کنم. بدید که براتون طراحی کنه. کدنویسی هم اگه خواستید با من.</p>\r\n\r\n<p>آقوی&nbsp;<a href=\"https://gnoori.com/\" target=\"_blank\">حسین قاضی نوری</a>، یه رفیق و گرافیست خیلی خوبیه که کارش حرف نداره. من مشتری&zwnj;هایی که داشتم رو دیگه می&zwnj;فرستم پیش خودش و تا الان که همه راضی بودن :-) اکثراً هم همون بار اول گرافیک رو تأیید می&zwnj;کنن و حتی نیازی نمیبینن که بخوان جاییش رو تغییر بدن. گرافیک، المنت&zwnj;ها، انتخاب رنگ&zwnj;ها، UX و ... رو همیشه از آخرین روش&zwnj;هایی که معرفی شده (استانداردهای جهانی) استفاده می&zwnj;کنه و گرافیکی به روز و عالی طبق سناریویی که بهش میگید، انجام میده.</p>\r\n\r\n<p>کارهایی که من خبر دارم انجام میده توی بحث گرافیک اینا هستن:</p>\r\n\r\n<p>&nbsp;</p>\r\n\r\n<ul>\r\n	<li>طراحی اپلیکیشن</li>\r\n	<li>طراحی سایت</li>\r\n	<li>طراحی لوگو</li>\r\n	<li>طراحی بنر و پوستر</li>\r\n	<li>و ...</li>\r\n	<br />\r\n	<li>چیزای دیگه&zwnj;ای هم هست که می&zwnj;دونم کار می&zwnj;کنه، ولی من سر در نمیارم. ازش می&zwnj;پرسم، بعد اینجا اضافه می&zwnj;کنم<br />\r\n	آدرس سایتش هم اینه.&nbsp;<a href=\"https://gnoori.com/\" target=\"_blank\">https://gnoori.com</a><br />\r\n	کار زیاد انجام داده. ولی خب هنوز همشو توی سایتش نذاشته.</li>\r\n</ul>', '2021-02-18 17:01:24', '2021-02-21 05:19:06'),
(7, 'درآمد برنامه نویسان چقدره؟', 'درآمد-برنامه-نویسان-چقدره', 5, 77, '<p>افرادی که برنامه نویسی میکنن، به احتمال خیلی زیاد ازشون سوال شده که برنامه نویسی چقدر درآمد داره؟ آیا ارزش داره که براش وقت بزاریم و یاد بگیریم؟ پول توشه؟ :-)<br />\r\nعنوان پست شاید مرتبط با متن پست نباشه. چون خیلی ها سرچ میکردن، تصمیم گرفتم اینو بزارم برای عنوانش که بعد بیان اینو بخونن و ارزش کارشون رو نیارن پایین. شاید عنوان بهتر براش این باشه:&nbsp;<strong>ارزش برنامه نویس</strong></p>\r\n\r\n<p>همونطور که قبلاً هم گفتم، برنامه نویسی علاقه میخواد. علاقه مهمترین چیزه.<br />\r\nخب. با فرض اینکه قبلاً این پست رو خوندین (<a href=\"https://aminbahrami.ir/blog/5-%DA%86%DA%AF%D9%88%D9%86%D9%87-%D8%A8%D8%B1%D9%86%D8%A7%D9%85%D9%87-%D9%86%D9%88%DB%8C%D8%B3-%D8%AD%D8%B1%D9%81%D9%87-%D8%A7%DB%8C-%D8%B4%D9%88%DB%8C%D9%85.html\" target=\"_blank\">چگونه برنامه نویس شویم؟</a>)، پس دیگه اونا رو توضیح نمیدم و مطالب قبلی رو تکرار نمیکنم.</p>\r\n\r\n<p>من میتونم بگم که درآمد برنامه نویسی خیلی خوبه (با توجه به ارزش کاری که انجام میدیم). ولی تحت شرایطی.</p>\r\n\r\n<p>مثلاً چند سال پیش یه نفر تماس گرفت و پروژه&zwnj;ای رو می&zwnj;خواست که براش انجام بدم.<br />\r\nمنم با بررسی داکیومنت و نیازهای پروژه، بهش زمان و قیمت رو دادم.<br />\r\nقیمتی که چند سال پیش دادم با توجه به زمانی که از من میگرفت، 16 میلیون تومن بود.<br />\r\nبعد گفت قیمت بالا هست و رفت داد یه برنامه نویس دیگه&zwnj;ای براش این کار رو انجام داد.<br />\r\nشاید باورتون نشه، اون برنامه نویسه گفته بود که براش انجام میده، اپلیکیشن اندروید و iOS هم براش میسازه و خیلی کارهای دیگه؛ با قیمت 450 هزارتومان!!!<br />\r\nالبته خب کیفیت کار متفاوته. نمیشه گفت همون کاری که من انجام میدادم رو اون برنامه نویسه انجام داده براش.</p>\r\n\r\n<p>یا اینکه یه بار یه نفر پروژه&zwnj;ای می&zwnj;خواست؛ من بهش یه قیمتی رو دادم. گفت که زیاده. رفت هزینه کرد و داد یه برنامه نویس دیگه، تقریباً با نصف قیمتِ من انجام داد براش. ولی بعد از یکسال برگشت و گفت خودت برام بنویس و از کاری که اون برنامه نویسه انجام داده بود، راضی نبود. دوباره هزینه کرد. منم پروژه رو براش نوشتم و کاملاً هم راضی بود. حتی بعد از گذشت چندین سال، هنوز پروژه&zwnj;ای نیاز داشته باشه، میفرسته که خودم انجام بدم. حتی اگر بگم وقت ندارم و 2-3 ماه بعد وقت میکنم که کارتو شروع کنم، باز منتظر میمونه.</p>\r\n\r\n<p>متاسفانه برنامه نویس&zwnj;ها ارزش کار خودشون رو میارن پایین. ولی من هیچ وقت حاضر نمیشم برای اینکه پروژه&zwnj;ای رو بگیرم، ارزش کار خودمو بیارم پایین.</p>\r\n\r\n<p>یه بار همینطوری یه سایت فری لنس رو داشتم چک میکردم. دیدم یه نفر یه پروژه کوچیکی رو میخواد. برنامه نویس&zwnj;های زیادی درخواست داده بودن که توی مثلاً 3 روز یا 5 روز یا فلان روز کار رو تحویل میدن. خب مشکلی نیست. ولی اگر بهتون بگم با چه قیمت&zwnj;هایی انجام میدن، واقعاً تعجب می&zwnj;کنید!!! یکیشون گفته بود 3 روزه انجام میده، با قیمت 5 هزار تومان!!!!!!!!!!!!!! نمیدونم واقعاً چه ارزشی براش داره که 3 روز وقت بزاره!!!<br />\r\nاصلاً بگیم یکساعت وقت بزاره. 5 هزار تومان؟ چرا آخه؟</p>\r\n\r\n<p>برنامه نویس واقعی هیچ وقت نباید ارزش کار خودشو پایین بیاره فقط برای اینکه یه پروژه بگیره.</p>\r\n\r\n<p><br />\r\n<strong>درآمد برنامه نویس&zwnj;ها</strong></p>\r\n\r\n<p>شغل برنامه نویسی (یا از نظر من علاقه برنامه نویسی) یکی از شغل&zwnj;های پر درآمد دنیا هست. اگر کار برنامه نویس خوب باشه، همیشه کار براش وجود داره.<br />\r\nولی خب همیشه برنامه نویسی انجام دادن خوب نیست. به نظر من برنامه نویسی علاقه هست و همیشه باید دنبال علاقمون باشیم. ولی اگر بخوایم همیشه به عنوان منبع درآمد بهش نگاه کنیم، خوب نیست. چون بعد از اینکه پیرتر میشیم، شاید کششِ جوونی رو نداشته باشیم که بتونیم مثل قبل برنامه نویسی انجام بدیم. برنامه نویسی تمرکز میخواد، آرامش میخواد و ... . نباید که همیشه برنامه نویسی انجام داد. همیشه باید چیزای جدیدتر یاد بگیریم.<br />\r\nباید به این فکر کنیم که ایده یا پروژه&zwnj;ای رو راه اندازی کنیم که خودش درآمدزا باشه و درآمد همیشگی داشته باشیم.<br />\r\nنه فقط یه پروژه؛ بلکه چندین ایده یا پروژه رو باید انجام بدیم.</p>\r\n\r\n<p>یه بار یه نفر پروژه&zwnj;ای میخواست که براش انجام بدم.<br />\r\nمیخواست از برنامه نویس قبلیه بگیره و بده من براش انجام بدم.<br />\r\nدیگه داشتم با برنامه نویسه صحبت میکردم و اونم سوال&zwnj;هایی می&zwnj;کرد که ببینه من تخصص کافی رو دارم یا نه :-)<br />\r\nبعد چیزایی که کار کرده بودم رو بهش گفتم. اونم اومد سایتمو چک کرد.<br />\r\nگفت اگر اومده بودین توی شرکت ما استخدام بشید، من قسمت &laquo;دانش&zwnj;ها و تخصص&zwnj;های من&raquo; که توی سایتت گذاشتی رو میدیدم، سریع شما رو رد می&zwnj;کردم :-) چون چیزای زیادی نوشتین و یه نفر نمیتونه همه اینا رو یاد بگیره.<br />\r\nاین چیزایی که نوشتم چیزای زیادی نیستن. مواردی هستن که باید اینا رو بلد باشیم و وقت بزاریم برای یادگیریش.<br />\r\nمنم بهشون گفتم اونی که میاد توی شرکت شما کار کنه، برای درآمد کارمندی میاد و چیزای کمی بلده. اونی که همه این چیزا رو بلده حاضر نمیشه اصلاً بیاد بصورت کارمندی کار کنه. چون همینطوری درآمدش زیاده و نیاز نداره که توی یه شرکت بصورت کارمندی کار کنه :-)</p>\r\n\r\n<p>کلاً به نظرم برنامه نویس حرفه ای نباید بصورت کارمندی کار کنه. نباید درگیر روزمرگی بشه و کارهای تکراری انجام بده. باید همیشه یاد بگیره و پیشرفت کنه.</p>\r\n\r\n<p>دوستانِ برنامه نویس. ارزش کار خودتون رو نیارید پایین.<br />\r\nکیفیت کارتون رو بالا ببرید و حاضر نشید ارزشتونو پایین بیارید.</p>', '2021-02-18 17:02:28', '2021-02-21 05:18:53');

-- --------------------------------------------------------

--
-- Table structure for table `post_category`
--

CREATE TABLE `post_category` (
  `id` bigint(20) UNSIGNED NOT NULL,
  `name` varchar(255) COLLATE utf8mb4_unicode_ci NOT NULL,
  `slug` varchar(255) COLLATE utf8mb4_unicode_ci NOT NULL,
  `image_id` bigint(20) UNSIGNED DEFAULT NULL,
  `created_at` timestamp NULL DEFAULT NULL,
  `updated_at` timestamp NULL DEFAULT NULL
) ENGINE=InnoDB DEFAULT CHARSET=utf8mb4 COLLATE=utf8mb4_unicode_ci;

--
-- Dumping data for table `post_category`
--

INSERT INTO `post_category` (`id`, `name`, `slug`, `image_id`, `created_at`, `updated_at`) VALUES
(3, 'اعتراض', 'اعتراض', 70, '2021-02-18 15:56:13', '2021-02-21 05:18:05'),
(4, 'ابزار برنامه نویسی', 'ابزار-برنامه-نویسی', 71, '2021-02-18 15:56:57', '2021-02-21 05:18:14'),
(5, 'متفرقه', 'متفرقه', 75, '2021-02-18 16:58:53', '2021-02-21 05:18:27'),
(6, 'test', 'سلام-دنیا', NULL, '2021-02-24 21:39:04', '2021-02-24 21:39:16');

-- --------------------------------------------------------

--
-- Table structure for table `post_comment`
--

CREATE TABLE `post_comment` (
  `id` bigint(20) UNSIGNED NOT NULL,
  `post_id` bigint(20) UNSIGNED NOT NULL,
  `parent_id` bigint(20) UNSIGNED DEFAULT NULL,
  `user_name` varchar(255) COLLATE utf8mb4_unicode_ci NOT NULL,
  `user_email` varchar(255) COLLATE utf8mb4_unicode_ci NOT NULL,
  `user_ip` varchar(255) COLLATE utf8mb4_unicode_ci NOT NULL,
  `text` longtext COLLATE utf8mb4_unicode_ci NOT NULL,
  `status` enum('active','inactive') COLLATE utf8mb4_unicode_ci NOT NULL,
  `users` enum('User','Admin') COLLATE utf8mb4_unicode_ci NOT NULL,
  `created_at` timestamp NULL DEFAULT NULL,
  `updated_at` timestamp NULL DEFAULT NULL
) ENGINE=InnoDB DEFAULT CHARSET=utf8mb4 COLLATE=utf8mb4_unicode_ci;

--
-- Dumping data for table `post_comment`
--

INSERT INTO `post_comment` (`id`, `post_id`, `parent_id`, `user_name`, `user_email`, `user_ip`, `text`, `status`, `users`, `created_at`, `updated_at`) VALUES
(9, 7, NULL, 'حسین', 'test@gmail.com', '123', 'بدون هیچ ارایه سندی فقط ادعا کردی!!!\r\nحداقل 3 نمونه از شماره های هک شده رو نشون بده!\r\nاین شماره محمود صادقی نماینده مجلسه، هکش کن و شاتاش رو بذار! اگه نتونی هک کنی یعنی فقط بلوف زدی و مطمئنا عمرن این کامنت رو تایید کنی!\r\n0912302????', 'active', 'User', '2021-02-22 05:15:44', '2021-02-22 05:15:44'),
(10, 7, 9, 'فرید شیشه بری', 'faridnewepc78@gmail.com', '123456', ':-)\r\nاگر روشش رو توی سایت میگفتم، متوجه میشدید که امکان پذیره و مطمئن باشید که از این روش بسیار سوء خواهد شد. الانم واقعاً امکانش وجود داره که تلگرام ما هک شده و ما متوجه نیستیم.\r\nباگ که رفع بشه همینجا بهتون اعلام میکنم. حتی همین الانم فیلم گرفتم که بعد از رفع باگ بتونم توی سایت قرار بدم.\r\nدوستانی که بنده رو میشناسن، میدونن که دروغ نمیگم و به قول شما بلوف نیست :-)', 'active', 'Admin', '2021-02-22 05:15:44', '2021-02-22 05:15:44'),
(11, 7, 9, 'سینا', 'filic79035@mayhco.com', '123456fssf', 'بهرامی راس میگه. واقعا باگ امنیتی داره', 'active', 'User', '2021-02-22 05:15:44', '2021-02-22 05:15:44'),
(12, 7, 9, 'arash', 'filic79035@mayhco.com', '123456fssf', 'منم با این دوستمون موافقم، شما باید چیزی برای اثبات حرفتون ارائه کنید، اینکه دوستانی شما رو میشناسن دلیل نمیشه!! لازم نیس شما روش رو لو بدید (دوست مون هم نگفت روش رو لو بدید! لطفا برای شعور مخاطب تون ارزش قائل بشید)، فقط همون شماره ای که بهتون داد رو هک کنید و عکساش رو بزارید. وگرنه شما فقط قصد داری بازدید سایتت رو بالا ببری همین!\r\nدر ضمن فیلمی که میگید اصلا سندیت نداره، چون میشه فیلم رو دستکاری کرد و نمیشه گفت واقعا هک شده یا نه! یا چون به گفته خودتون بعد از برطرف شدن مشکل نمیشه با روشی که در فیلم ارائه شده کسی را هک کرد که صحت حرف شما مشخص شه!\r\nوقتی باگ سروش رو در‌ آوردن یه اکانت معروف رو هک کردن که نشه انکار کرد، شما هم اگه میخواید حرفتون رو ثابت کنید باید همین کار رو کنید و اون فیلمی که میگید بعدا منتشر می کنید هیچ ارزشی نخواد داشت...', 'active', 'User', '2021-02-22 05:15:44', '2021-02-22 05:15:44'),
(13, 7, 12, 'فرید شیشه بری', 'faridnewepc78@gmail.com', '123456fssf', 'بازدید سایت برای من مهم نیست که بخوام بازدید سایتم رو بالا ببرم :-)\r\nهدف اطلاع رسانی بود که دوستان بدونن که تلگرام که اینقدر ازش طرفداری میکنن (و البته خودم هم ازش طرفداری میکنم) هم باگ امنیتی داره که میشه هر کاری خواستیم انجام بدیم.\r\nچون خیلی‌ها فکر می‌کنن که تلگرام خییییلی امن هست و هک نمیشه و ... :-)\r\nولی هیچ سیستمی امن نیست.\r\n\r\nبعد هم این روش رو لو دادن و ... چه ربطی به شعور مخاطب داره؟ :-)', 'active', 'Admin', '2021-02-22 05:15:44', '2021-02-22 05:15:44'),
(14, 7, 13, 'arash', 'yavamow434@lidte.com', '123456fssf', '> هدف اطلاع رسانی بود که دوستان بدونن که تلگرام که اینقدر ازش طرفداری میکنن (و البته خودم هم ازش طرفداری میکنم) هم باگ امنیتی داره که میشه هر کاری خواستیم انجام بدیم.\r\n\r\nاطلاع رسانی بدون سند و دلیل یعنی، شایعه پراکنی...\r\n--------------\r\n\r\n> چون خیلی‌ها فکر می‌کنن که تلگرام خییییلی امن هست و هک نمیشه و ... :-)\r\n\r\nفقط شما نیستین که میدونید همه سیستم های کامپیوتری نقص هایی دارن... ولی این دلیل نمیشه هر کسی بدون دلیل و سند گفت من ناسا رو هک کردم ما هم باور کنیم، میگم به شعور مخاطبت احترام بزار همینجاست...\r\n-----------------\r\n\r\n> بعد هم این روش رو لو دادن و ... چه ربطی به شعور مخاطب داره؟ :-)\r\n\r\nبرا این میگم برای شعور مخاطبت ارزش قائل شو چون اون رفیقمون و من هر دو گفتیم اون شماره رو هک کن و عکس بزار و لازم نیس که روش رو بگی، ولی شما حرف خودت رو می زنی و می پیچونی!!', 'active', 'User', '2021-02-22 05:15:44', '2021-02-22 05:15:44'),
(21, 7, NULL, 'sfffffffffffffffff', 'sfsfsfs@gmail.com', '127.0.0.1', 'sdfffffffffffffffffffffffff', 'inactive', 'User', '2021-02-22 18:50:51', '2021-02-22 18:50:51'),
(27, 7, 21, 'test', 'test@gmail.com', '127.0.0.1', 'testtesttest', 'inactive', 'User', '2021-02-22 19:14:16', '2021-02-22 19:14:16'),
(28, 7, NULL, 'dg', 'g@gmail.com', '127.0.0.1', 'sffffffffffffffffffffffffffffffff', 'inactive', 'User', '2021-02-22 19:18:32', '2021-02-22 19:18:32'),
(29, 7, NULL, 'f', 'f@gmail.com', '127.0.0.1', 'sfsfffffffffffffffffff', 'inactive', 'User', '2021-02-22 19:19:19', '2021-02-22 19:19:19'),
(30, 7, 29, 'dfdf', 'fsgs@gmail.com', '127.0.0.1', 'fssffffffffffff', 'inactive', 'User', '2021-02-22 19:20:00', '2021-02-22 19:20:00'),
(31, 7, NULL, 'g', 'd@gmail.com', '127.0.0.1', 'sffsssssssssssssssssssssssssssssssssssssssss', 'inactive', 'User', '2021-02-22 19:23:06', '2021-02-22 19:23:06'),
(32, 7, 31, 'جواب', 'javab@gmail.com', '127.0.0.1', 'javabbbbbbbbbbbbbbbbbbbbbbbbbbbbbbbbbbbbbbb', 'inactive', 'User', '2021-02-22 19:23:50', '2021-02-22 19:23:50');

-- --------------------------------------------------------

--
-- Table structure for table `post_like`
--

CREATE TABLE `post_like` (
  `id` bigint(20) UNSIGNED NOT NULL,
  `post_id` bigint(20) UNSIGNED NOT NULL,
  `ip` varchar(255) COLLATE utf8mb4_unicode_ci NOT NULL,
  `created_at` timestamp NULL DEFAULT NULL,
  `updated_at` timestamp NULL DEFAULT NULL
) ENGINE=InnoDB DEFAULT CHARSET=utf8mb4 COLLATE=utf8mb4_unicode_ci;

--
-- Dumping data for table `post_like`
--

INSERT INTO `post_like` (`id`, `post_id`, `ip`, `created_at`, `updated_at`) VALUES
(68, 6, '127.0.0.1', '2021-02-20 17:47:19', '2021-02-20 17:47:19'),
(74, 7, '127.0.0.1', '2021-02-24 13:17:15', '2021-02-24 13:17:15');

-- --------------------------------------------------------

--
-- Table structure for table `post_view`
--

CREATE TABLE `post_view` (
  `id` bigint(20) UNSIGNED NOT NULL,
  `post_id` bigint(20) UNSIGNED NOT NULL,
  `ip` varchar(255) COLLATE utf8mb4_unicode_ci NOT NULL,
  `created_at` timestamp NULL DEFAULT NULL,
  `updated_at` timestamp NULL DEFAULT NULL
) ENGINE=InnoDB DEFAULT CHARSET=utf8mb4 COLLATE=utf8mb4_unicode_ci;

--
-- Dumping data for table `post_view`
--

INSERT INTO `post_view` (`id`, `post_id`, `ip`, `created_at`, `updated_at`) VALUES
(1, 7, '127.0.0.1', '2021-02-20 05:48:24', '2021-02-20 05:48:24'),
(3, 6, '127.0.0.1', '2021-02-20 17:47:17', '2021-02-20 17:47:17');

-- --------------------------------------------------------

--
-- Table structure for table `resume`
--

CREATE TABLE `resume` (
  `id` bigint(20) UNSIGNED NOT NULL,
  `name` varchar(255) COLLATE utf8mb4_unicode_ci NOT NULL,
  `customer` varchar(255) COLLATE utf8mb4_unicode_ci NOT NULL,
  `year` int(11) NOT NULL,
  `created_at` timestamp NULL DEFAULT NULL,
  `updated_at` timestamp NULL DEFAULT NULL
) ENGINE=InnoDB DEFAULT CHARSET=utf8mb4 COLLATE=utf8mb4_unicode_ci;

--
-- Dumping data for table `resume`
--

INSERT INTO `resume` (`id`, `name`, `customer`, `year`, `created_at`, `updated_at`) VALUES
(1, 'اپلیکیشن اندروید سماک', 'شیراز', 1396, '2021-02-18 17:18:45', '2021-02-18 17:18:45'),
(2, 'سایت معرفی و اطلاع رسانی کاندیداها (سماک)', 'شیراز', 1396, '2021-02-18 17:18:58', '2021-02-18 17:18:58'),
(3, 'درگاه پرداخت سایت صرافی', 'انگلیس', 1396, '2021-02-18 17:19:09', '2021-02-18 17:19:09'),
(4, 'سایت دانشگاه شیراز بخش شیمی', 'شیراز', 1396, '2021-02-18 17:19:25', '2021-02-18 17:19:25'),
(12, 'طراحی و پیاده سازی درگاه اختصاصی پرداخت پک پی', 'تهران', 1395, '2021-02-18 17:28:51', '2021-02-18 17:28:51'),
(13, 'پنل ارسال پیامک گروهی', 'تهران', 1395, '2021-02-18 17:29:02', '2021-02-18 17:29:02'),
(14, 'رفع مشکلات و افزایش امنیت سایت نمایشگاه بین المللی تهران', 'تهران', 1395, '2021-02-18 17:35:46', '2021-02-18 17:35:46'),
(15, 'سایت پک پی', 'تهران', 1395, '2021-02-18 17:36:00', '2021-02-18 17:36:00'),
(16, 'اپلیکیشن اندروید محاسبه آمار و ...', 'شیراز', 1395, '2021-02-18 17:36:10', '2021-02-18 17:36:10'),
(17, 'اپلیکیشن اندروید معرفی رستوران‌ها و کافی شاپ‌ها', 'شیراز', 1395, '2021-02-18 17:36:22', '2021-02-18 17:36:22'),
(18, 'اپلیکیشن اندروید مدیریت کافی شاپ', 'شیراز', 1395, '2021-02-18 17:36:49', '2021-02-18 17:36:49'),
(19, 'هسته پنل ماژولار و حرفه‌ای پککو (پرداخت الکترونیک پارسیان)', 'تهران', 1395, '2021-02-18 17:37:00', '2021-02-18 17:37:00'),
(20, 'نرم افزار تهیه و مدیریت گزارشات Word', 'تهران', 1395, '2021-02-18 17:37:12', '2021-02-18 17:37:12'),
(21, 'سایت استخدام شرکت پارس هدیش', 'شیراز', 1395, '2021-02-18 17:37:24', '2021-02-18 17:37:24'),
(22, 'اضافه کردن امکاناتی برای سایت sanatnema.com', 'تهران', 1395, '2021-02-18 17:37:37', '2021-02-18 17:37:37'),
(23, 'سرویس دانش کارت (کارت هوشمند دانش آموزی و ...)', 'شیراز', 1394, '2021-02-18 17:37:57', '2021-02-18 17:37:57'),
(24, 'کلاس برنامه نویسی سایت دانشگاه شیراز', 'شیراز', 1394, '2021-02-18 17:38:16', '2021-02-18 17:38:16'),
(25, 'کلاس برنامه نویسی سایت شرکت آتی شهر هوشمند ایرانیان (2 دوره)', 'شیراز', 1394, '2021-02-18 17:38:34', '2021-02-18 17:38:34'),
(26, 'هسته، وب سرویس و سایت مدیریت تاکسیرانی جهت اتصال تاکسی‌ها و پرداخت الکترونیکی', 'شیراز', 1394, '2021-02-18 17:38:45', '2021-02-18 17:38:45'),
(27, 'وب سرویس، پنل مدیریت و گزارش‌گیری پروژه پارکینگ های هوشمند', 'شیراز', 1394, '2021-02-18 17:40:04', '2021-02-18 17:40:04'),
(28, 'سایت موسسه خیریه سرای مهر (رجحان فارس)', 'شیراز', 1394, '2021-02-18 17:40:14', '2021-02-18 17:40:14'),
(29, 'سایت محرمانه و هوشمند و پیشرفته', 'تهران', 1394, '2021-02-18 17:40:25', '2021-02-18 17:40:25'),
(30, 'درگاه پرداخت و تبدیل ارز شرکت اوکی شیک', 'همدان', 1394, '2021-02-18 17:40:36', '2021-02-18 17:40:36'),
(31, 'هسته و وب سرویس جهت اتصال سخت افزارها و موبایل‌ها در نمایشگاه شهر زیبا در نمایشگاه بین المللی', 'شیراز', 1394, '2021-02-18 17:40:49', '2021-02-18 17:40:49'),
(32, 'سایت جامع ثبت نام آزمون، مشابه سایت سنجش با قابلیت دیگر', 'شیراز', 1394, '2021-02-18 17:41:02', '2021-02-18 17:41:02'),
(33, 'تغییرات و بهینه‌سازی سایت شبکه اجتماعی', 'اصفهان', 1394, '2021-02-18 17:41:13', '2021-02-18 17:41:13'),
(34, 'چند نرم افزار هوشمند (محرمانه)', 'تهران', 1394, '2021-02-18 17:41:24', '2021-02-18 17:41:24'),
(35, 'سایت هوشمند و چند زبانه خدمات اینستاگرام', 'تایلند', 1394, '2021-02-18 17:41:38', '2021-02-18 17:41:38'),
(36, 'سرویس یکپارچه ارسال ایمیل هوشمند', 'شیراز', 1394, '2021-02-18 17:41:48', '2021-02-18 17:41:48'),
(37, 'درگاه بانک هوشمند', 'شیراز', 1394, '2021-02-18 17:42:01', '2021-02-18 17:42:01'),
(38, 'نرم افزار استخدام شرکت آتی شهر هوشمند ایرانیان', 'شیراز', 1394, '2021-02-18 17:42:11', '2021-02-18 17:42:11'),
(39, 'سایت آنتوبا', 'شیراز', 1394, '2021-02-18 17:42:23', '2021-02-18 17:42:23'),
(40, 'نرم افزار کوهورت دانشگاه علوم پزشکی شیراز', 'شیراز', 1394, '2021-02-18 17:42:34', '2021-02-18 17:42:34'),
(41, 'سایت لونا پارک', 'شیراز', 1394, '2021-02-18 17:42:46', '2021-02-18 17:42:46'),
(42, 'ساخت و تدریس مجموعه آموزشی آنتوبا', 'شیراز', 1393, '2021-02-18 17:42:58', '2021-02-18 17:42:58'),
(43, 'سایت شرکت آتی پژوهان', 'شیراز', 1393, '2021-02-18 17:43:09', '2021-02-18 17:43:09'),
(44, 'سایت بررسی امنیت رمز عبور', 'شیراز', 1393, '2021-02-18 17:43:22', '2021-02-18 17:43:22'),
(45, 'سایت اعتبارسنجی و امنیت بانک‌ها', 'شیراز', 1393, '2021-02-18 17:43:32', '2021-02-18 17:43:32'),
(46, 'فروشگاه آنتی ویروس', 'شیراز', 1392, '2021-02-18 17:43:43', '2021-02-18 17:43:43'),
(47, 'سایت ایران اف یک', 'شیراز', 1392, '2021-02-18 17:43:56', '2021-02-18 17:43:56'),
(48, 'کلاس آموزش برنامه نویسی اسمبلی', 'مازندران', 1391, '2021-02-18 17:44:10', '2021-02-18 17:44:10'),
(49, 'کلاس آموزشی کار با دیتابیس و تحلیل', 'مازندران', 1391, '2021-02-18 17:44:22', '2021-02-18 17:44:22'),
(50, 'تغییرات، افزایش امکانات و اضافه نمودن درگاه بانکی سایت fera.ir', 'سنندج', 1391, '2021-02-18 17:44:33', '2021-02-18 17:44:33'),
(51, 'سیستم ثبت نام کلاس‌های دانشگاه علوم و فنون مازندران', 'مازندران', 1391, '2021-02-18 17:44:56', '2021-02-18 17:44:56'),
(52, 'سایت سیوند', 'شیراز', 1391, '2021-02-18 17:45:20', '2021-02-18 17:45:20'),
(53, 'نرم افزار پرسشنامه برای دانشجوی دکترا', 'شیراز', 1390, '2021-02-18 17:45:30', '2021-02-18 17:45:30'),
(54, 'افزایش امنیت و سئوی سایت فروشگاه بزرگ', 'دبی', 1390, '2021-02-18 17:45:41', '2021-02-18 17:45:41'),
(55, 'سایت چت روم عمومی', 'اصفهان', 1390, '2021-02-18 17:45:56', '2021-02-18 17:45:56'),
(56, 'کلاس آموزشی افزایش امنیت و مقابله با ویروس‌ها', 'استهبان', 1389, '2021-02-18 17:46:09', '2021-02-18 17:46:09'),
(57, 'سایت پژوهشکده نخبگان فارس', 'بنیاد نخبگان استان فارس', 1389, '2021-02-18 17:46:27', '2021-02-18 17:46:27'),
(58, 'سایت جشنواره نوآوری و فناوری خلیج فارس', 'بنیاد نخبگان استان فارس', 1388, '2021-02-18 17:47:34', '2021-02-18 17:47:34'),
(59, 'نرم افزار هک و نفوذ به سیستم از راه دور', 'شیراز', 1386, '2021-02-18 17:47:44', '2021-02-18 17:47:53');

-- --------------------------------------------------------

--
-- Table structure for table `setting`
--

CREATE TABLE `setting` (
  `id` bigint(20) UNSIGNED NOT NULL,
  `rule` longtext COLLATE utf8mb4_unicode_ci NOT NULL,
  `full_name` varchar(255) COLLATE utf8mb4_unicode_ci NOT NULL,
  `bio` varchar(255) COLLATE utf8mb4_unicode_ci NOT NULL,
  `trust` text COLLATE utf8mb4_unicode_ci NOT NULL,
  `trust_reason1` text COLLATE utf8mb4_unicode_ci NOT NULL,
  `trust_reason2` text COLLATE utf8mb4_unicode_ci NOT NULL,
  `trust_reason3` text COLLATE utf8mb4_unicode_ci NOT NULL,
  `trust_reason4` text COLLATE utf8mb4_unicode_ci NOT NULL,
  `footer_text` text COLLATE utf8mb4_unicode_ci NOT NULL,
  `about1` longtext COLLATE utf8mb4_unicode_ci NOT NULL,
  `about2` longtext COLLATE utf8mb4_unicode_ci NOT NULL,
  `logo` bigint(20) UNSIGNED DEFAULT NULL,
  `created_at` timestamp NULL DEFAULT NULL,
  `updated_at` timestamp NULL DEFAULT NULL
) ENGINE=InnoDB DEFAULT CHARSET=utf8mb4 COLLATE=utf8mb4_unicode_ci;

--
-- Dumping data for table `setting`
--

INSERT INTO `setting` (`id`, `rule`, `full_name`, `bio`, `trust`, `trust_reason1`, `trust_reason2`, `trust_reason3`, `trust_reason4`, `footer_text`, `about1`, `about2`, `logo`, `created_at`, `updated_at`) VALUES
(1, '<p><strong>یکسری قانون&zwnj;هایی که دارم برای انجام پروژه&zwnj;ها:</strong></p>\r\n\r\n<ul>\r\n	<li>مشتری توی حساب کتابش باید خوش قول باشه. بدقولی&zwnj;هاش اگه زیاد شد (حداکثر 3 بار)، دیگه باهاش کار نمی&zwnj;کنم. هر چقدر هم اصرار کنه فایده نداره. :-)</li>\r\n	<li>معمولاً هر پروژه&zwnj;ای که توان فنیشو داشته باشم، انجام میدم. ولی پروژه&zwnj;هایی که قرار باشه حق مردم رو باهاش بخورید و دزدی کنید رو به هیچ عنوان انجام نمی&zwnj;دم. مثلاً یه نفر از من می&zwnj;خواست که درگاه بانکی تقلبی بسازم که باهاش حساب بانکی مردم رو خالی کنه. ولی هر چقدر اصرار کرد، براش انجام ندادم. و یا یه بار یه نفر یه بازی آنلاینی می&zwnj;خواست براش بنویسم که بعد از توی مدیریت بتونه تقلب کنه. پول خیلی خوبی هم می&zwnj;داد که براش اینو انجام بدم. ولی گفتم چون می&zwnj;خوای دزدی کنی این کارو انجام نمی&zwnj;دم. البته کارهایی که از نظر قانون ایران غیر مجاز باشه رو ممکنه انجام بدم. چون از نظر من بعضی از این قوانین اشتباه هست و قبولشون ندارم؛ ولی کاری که دزدی از حق مردم توش باشه رو انجام نخواهم داد.</li>\r\n	<li>معمولاً بعضیا تماس میگیرن و میگن که اگه یه سایت کامل بخوایم چند در میاد؟ :-D<br />\r\n	بعد من میگم چه امکاناتی داره؛ میگه فرض کن همه امکانات توش هست. من میگم یعنی گوگل و فیس بوک و eBay و اینستاگرام و ... رو داره. میگه نه. ولی کامل :-D<br />\r\n	یه بار یکی هم تماس گرفته بود، میگفت که حداقل و حداکثر مبلغی که برای پروژه اندروید میگیری چنده؟ خب اینم نمیشه جواب داد. تا امکانات رو نگید نمیشه زمان و قیمت رو مشخص کرد براش. من ممکنه یه پروژه&zwnj;ای رو رایگان انجام بدم. یه پروژه&zwnj;ای رو هم با قیمت 100 میلیون تومان انجام بدم. همه چی بستگی به امکانات و ... داره که باید مشخص بشن.<br />\r\n	جان من قبل از اینکه پروژه&zwnj;ای رو بخواید درخواست بدید، قبلش حتماً بدونید چی می&zwnj;خواید و چه امکاناتی می&zwnj;خواید داشته باشه :-)</li>\r\n</ul>', 'فرید شیشه بری', 'علاقه و تخصص من بیشتر برنامه نویسی هست و سعی می‌کنم حداقل توی تخصص خودم به روز باشم. توی زندگی و کار یه سری قوانین برای خودم دارم که سعی می‌کنم همیشه بهشون عمل کنم.', '<p>معمولاً مشتری&zwnj;هایی که داشتم با همون تماس تلفنی اول که باهام دارن، اعتماد میکنن. دلیلشو نمیدونم چرا :D. بعضی هاشون همون اول کار پسورد سایت&zwnj;هاشون و حتی یکی دو مورد که در مورد پرداخت بود، پسورد حساب بانکیشون رو بهم دادن. ولی خب بعد از اینکه براش پروژه&zwnj;ای انجام می&zwnj;دم، اعتمادش کامل میشه و دیگه پروژه&zwnj;های بعدیشو به خودم میده. شاید به خاطر دلایل پایینه که نوشتم.</p>', '<h4><span style=\"color:#000000\">کیفیت بالا</span></h4>\r\n\r\n<p>سعی می&zwnj;کنم پروژه&zwnj;ای که انجام می&zwnj;دم به بهترین شکل و کیفیت باشه. پروژه حتی اگر خیلی هم کوچیک باشه، اصلاً سعی نمی&zwnj;کنم که فقط سرهمش کنم و تحویل مشتری بدم. یه طوری می&zwnj;نویسمش که مشتری اگر خواست تغییری بده و چیزی کم و زیاد کنه، سریع و بدون باگ باشه.</p>', '<h4><span style=\"color:#000000\">اصلاحات نامحدود</span></h4>\r\n\r\n<p>مشتری اگر خوب باشه، منم باهاش مشکلی ندارم و هر تغییر و یا امکاناتی که می&zwnj;خواد رو می&zwnj;تونم براش انجام بدم. همیشه توی تحلیل اولیه سعی می&zwnj;کنم پروژه رو بلند مدت در نظر بگیرم که اگر مشتری خواست چیزی بهش اضافه کنه، محدود نباشم توی انجام کار.</p>', '<h4><span style=\"color:#000000\">پشتیبانی و پاسخ گویی</span></h4>\r\n\r\n<p>معمولاً پروژه&zwnj;هایی که می&zwnj;نویسم باگی نداره که اصلاً نیاز به پشتیبانی و ... باشه. ولی خب اگر مشتری خودش بخواد، می&zwnj;تونم مسئولیت پشتیبانیش رو هم برعهده بگیرم. معمولاً اکثر اوقات در دسترس هستم و اگر مشتری نیاز ضروری داشته باشه، سعی می&zwnj;کنم کارشو انجام بدم براش حتماً</p>', '<h4><span style=\"color:#000000\">تحویل به موقع</span></h4>\r\n\r\n<p>سعی می&zwnj;کنم که همیشه سر وقت پروژه رو تحویل بدم. بدون باگ و اشکال. اگر تأخیری هم توی کارم پیش اومد، مسئولیتشو برعهده می&zwnj;گیرم.</p>', 'همونطور که قبلاً هم گفتم، سعی می‌کنم دانش‌ها و تخصص‌های خودمو هر روز افزایش بدم و به روز باشم. چیزایی که بالا گفتم، بعضی از کارهایی هست که انجام میدم. ممکنه بعضی چیزها رو هم بلد باشم و بالا نگفته باشم. دلیلش هم اینه که تا خودم مطمئن نشم که می‌تونم برای مشتری از اون تخصص یا دانشم استفاده کنم و با کیفیت خوبی تحویلش بدم، نمی‌تونم بگم این دانش رو دارم. وگرنه خیلی چیزای دیگه هست که یا نیازی نیست اینجا گفته بشه و یا اینکه هنوز در اون حد نیستم که بگم اون دانش رو دارم.', '<h3 style=\"text-align:center\">من امین بهرامی هستم</h3>\r\n\r\n<p style=\"text-align:center\"><span style=\"color:#4e5f70\">مثلاً برنامه نویسم</span></p>\r\n\r\n<p>متولد 26 دی&zwnj;ماه 1368 هستم و شیراز زندگی می&zwnj;کنم. رشته تحصیلیم و مهمتر از رشته تحصیلی، علاقه خودم برنامه نویسی هست و همیشه طبق علاقم میرم جلو و سعی می&zwnj;کنم همیشه توی تخصصی&zwnj;های خودم و دانش&zwnj;های جدید، خودم رو بروز نگه دارم.</p>\r\n\r\n<p>همونطور که گفتم بیشترین علاقه من برنامه نویسی هست. سعی می&zwnj;کنم هر روز چیزای جدیدتری یاد بگیرم. قبلاً دانشگاه که بودم اصلاً فکر نمره بالا نبودم. توی دانشگاه نمی&zwnj;تونیم پیشرفت کنیم. چیزهایی تدریس میشه که زیاد به دردمون نمیخورن. نمره دانشگاه و ... اصلاً برام مهم نبوده و نخواهد بود. چون اگر بخوایم وقتمون رو بزاریم برای درس خوندن برای نمره و ... جلوی پیشرفت خودمون رو گرفتیم.</p>\r\n\r\n<p>راستی در مورد اینکه متن&zwnj;های داخل سایتم رو دارم بصورت محاوره&zwnj;ای می&zwnj;نویسم و بصورت رسمی نمی&zwnj;نویسم توضیح بدم که کلاً از رسمی رفتار کردن و ... زیاد خوشم نمیاد. من با همه یه جور هستم و رفتارم یه جوره. پس توی سایتم میخوام کاری رو که دوست دارم رو انجام بدم. اینطوری راحت&zwnj;تر هستم. نه تنها فقط توی سایت بلکه معتقدم آدم باید هر کاری رو که دوست داره انجام بده. یه بار تو دنیا هستیم و باید اونطوری که دوست داریم زندگی کنیم. البته نه اینکه هر کاری که دوست داریم انجام بدیم. کارهایی که به خودمون مربوطه و به کسی ضرری نمی&zwnj;رسونه رو منظورمه که باید انجام بدیم.</p>\r\n\r\n<p>یه رفتارها و خط قرمزهای خاصی دارم. البته دوستان خیلی اصرار دارن که دلیل رفتارهامو بهشون بگم. ولی شرمنده اخلاق ورزشیشون. فعلاً نمیتونم بگم. شاااااااااااید یه روزی گفتم. البته اگر زنده بودم :-) این کلمه &quot;اصرار&quot; که نوشتم یاد یه موضوعی افتادم. حالا بماند چه موضوعی بود. ولی اشتباهی نوشته بودم &quot;اسرار&quot;. بعد از اون موضوع هر بار که می&zwnj;خوام بنویسم &quot;اصرار&quot; قاطی می&zwnj;کنم که کدومش درسته کدومش غلطه :-)</p>', '<p><strong>به چه چیزایی علاقه دارم؟</strong></p>\r\n\r\n<p>خب به خیلی چیزا علاقه دارم. برنامه نویسی و یادگیری که علاقه اصلیم هست. از لحاظ ورزشی میتونم بگم کوهنوردی رو دوست دارم، تیراندازی هم همچنین. اگر مشکلی پیش نیاد هر دو هفته یکبار برنامه دارم که برم کوه. فعلاً کوهی که نزدیک هست و میتونم برم 2900 متر ارتفاعشه. ولی اینا فقط تمرینه. هدف اصلیم دماوند هست. :-) البته قوی نیستمااا. ولی &quot;هدف&quot; مهمه و &quot;باید&quot; برم قله دماوند. الان که دارم اینو می&zwnj;نویسم قراره حدود دو ماه دیگه برم دماوند.<br />\r\nدر مورد تیراندازی هم که فرقی نمیکنه سلاح چی باشه :-) ولی خب تیراندازی رو با تفنگِ بادی شروع کردم. البته فقط برای سرگرمی. نمی&zwnj;رم باهاش گنجشک بزنم :-) سرگرمیه فقط.</p>\r\n\r\n<p>جاهای دیدنی و تفریحی رو دوست دارم برم. ولــــــــــــی خط قرمزمه :-) خیلی دوست دارم برمااا. ولی خب همونطور که قبلاً گفتم یکسری قوانین و خط قرمزهایی دارم که می&zwnj;خوام بهشون عمل کنم. شاید دلیلام منطقی نباشن. ولی خب تصمیمیه که گرفتم. شاید شاید شاید یه روزی خط قرمزهام تموم بشه :-)</p>\r\n\r\n<p><br />\r\n<strong>بعضی از رفتارهام</strong></p>\r\n\r\n<p>یه اخلاقی که دارم اینه که همیشه میگم، اگر کسی از من پیش شما تعریف کرد و خوبی من رو گفت، باور نکنید. در مقابل اگر، بدیه من رو هم گفتن باز باور نکنید. حتماً از خودم بپرسید تا مطمئن بشید. چون نمی&zwnj;خوام با اعتماد به یه نفر دیگه به منم اعتماد کنید یا اعتمادتون رو از دست بدید. شاید اونطوری که اون فرد گفته خوب یا بد نباشم. :-)</p>\r\n\r\n<p>از نظر من همه آدم&zwnj;ها خوب هستند. مگر اینکه خلافش ثابت بشه. اگر کسی به من خوبی&zwnj;ای کرد، از خوبی&zwnj;هاش برای خودم دیوار می&zwnj;سازم. به ازای هر خوبی&zwnj;ای که به من می&zwnj;کنه یه آجر به دیوارش اضافه می&zwnj;کنم. اگر هم بهم بدی کرد، اینبار فقط یه آجر از دیوارش کم می&zwnj;کنم. این اخلاق رو ندارم که کل دیوار رو به خاطر یه بدی خراب کنم. همیشه خوبی&zwnj;هایی که به من کرده رو یادم می&zwnj;مونه و فراموش نمی&zwnj;کنم.</p>\r\n\r\n<p>و موضوع مهم اینه که اگر کسی بخواد در مورد یک نفر تحقیق کنه و از من سوال کنه، من همه جوره راستشو میگم. حالا چه تحقیق برای ازدواج باشه، چه شغل و ... . چون اگر دروغ بگم، مسئولیتش برعهده منه و نمی&zwnj;خوام کسی که بهم اعتماد کرد و از من سوال کرد، بهش دروغ بگم. حتی اگر بخواد از صمیمی&zwnj;ترین دوستم از من سوال کنه :-)<br />\r\nهمونطور که من این کار رو انجام می&zwnj;دم، انتظار دارم اگر هم کسی در مورد من از شما سوالی کرد، راستشو بگید. اصلاً نمیخوام به نفع من دروغ بگید و بگید فلانی خوبه یا ... . اگر خواستید بدیه من رو بگید اشکال نداره. حتماً بد بودم که می&zwnj;گید. ولی اگر خوب نیستم، به کسی دروغ نگید که من خوبم.</p>\r\n\r\n<p><br />\r\n<strong>از چه چیزایی بدم میاد؟</strong></p>\r\n\r\n<p>بدترین چیزی که می&zwnj;تونم بگم نفرت دارم ازش، ریاکاری هست. :| وقتی آدمایی رو میبینم که ریاکاری داره توی رفتارشون داد میزنه واقعاً حالم ازشون به هم می&zwnj;خوره. می&zwnj;خوان به اهداف زیادی برسن. ولی من این راه رو اصلاً دوست ندارم. اگر می&zwnj;خواستم منم ریاکاری کنم، الان خیلی چیزا داشتم. ولی اصلاً نمی&zwnj;تونم ریاکاری رو درک کنم.</p>\r\n\r\n<p>یکی دیگه از رفتارهایی که بدم میاد، بدقولی هست. نمیگم خودم بدقولی نکردم. منم یه بار توی یه موضوعی بدقولی کردم که البته مجبور شدم. ولی خب بگذریم چی بوده. قانونی که برای خودم گذاشتم اینه که اگر کسی 3 بار بدقولی کرد و شد 4امین بار، دیگه ارتباطم رو باهاش بصورت کامل قطع می&zwnj;کنم. شانس جدید نخواهد داشت. چون ارزشش رو پیش من از دست داده.</p>\r\n\r\n<p>معمولاً کسی دشمنی&zwnj;ای با من نداره. ولی من یه اخلاقی که دارم اینه که اگر کسی بخواد اذیت کنه بدجور اذیتش می&zwnj;کنم. چه اطرافیانم و چه مشتریانی که داشتم و دارم. خشن نیستمااا :-) ولی خب کسی اذیت کنه منم اذیت می&zwnj;کنم. ممکنه اذیت کردن اون توی یه دوره تموم بشه. ولی اذیت کردن من طولانی خواهد بود و اگر ضرری بهم زده باشه، چندین برابرشو بهش ضرر می&zwnj;زنم و البته حق خودم رو هم حتماً می&zwnj;گیرم :-) اینو گفتم که یه آشنایی&zwnj;ای با این اخلاق من داشته باشید :-)<br />\r\nچند وقت پیش یه نفر یه اذیت خییلی کوچیکی کرد که البته می&zwnj;تونستم ببخشمش. خودش نخواست که ببخشمش؛ وگرنه می&zwnj;بخشیدم حتماً. چون جوابمو نداد، منم بدجوری اذیتش کردم. حقمو گرفتم و نابودش کردم. به زیر صفر رسوندمش.</p>\r\n\r\n<p><br />\r\n<strong>یه خلاصه کلی در مورد رزومه خودم</strong></p>\r\n\r\n<p>یه لیست کلی به ترتیب آخرین پروژه و کارهایی که انجام دادم تا قدیمی ترین کارهام رو این پایین نوشتم. البته اون&zwnj;هایی که یادم مونده رو نوشتم. احتمالاً موارد دیگه&zwnj;ای هم بوده که یادم نیستن فعلاً :-)</p>', NULL, '2021-02-18 17:54:22', '2021-02-19 08:44:07');

-- --------------------------------------------------------

--
-- Table structure for table `social`
--

CREATE TABLE `social` (
  `id` bigint(20) UNSIGNED NOT NULL,
  `name` varchar(255) COLLATE utf8mb4_unicode_ci NOT NULL,
  `icon` varchar(255) COLLATE utf8mb4_unicode_ci NOT NULL,
  `link` varchar(255) COLLATE utf8mb4_unicode_ci NOT NULL,
  `color` varchar(7) COLLATE utf8mb4_unicode_ci DEFAULT NULL,
  `created_at` timestamp NULL DEFAULT NULL,
  `updated_at` timestamp NULL DEFAULT NULL
) ENGINE=InnoDB DEFAULT CHARSET=utf8mb4 COLLATE=utf8mb4_unicode_ci;

--
-- Dumping data for table `social`
--

INSERT INTO `social` (`id`, `name`, `icon`, `link`, `color`, `created_at`, `updated_at`) VALUES
(1, 'اینستاگرام', 'fi-instagram', 'https://www.instagram.com/amin.bahrami.official', '#E1306C', '2021-02-18 17:08:12', '2021-02-19 08:47:12'),
(2, 'تلگرام', 'fi-telegram', 'https://t.me/ABP1236', '#0088cc', '2021-02-18 17:08:47', '2021-02-18 17:08:47'),
(3, 'لینکدین', 'fi-linkedin', 'https://www.linkedin.com/in/abp1236', '#0077b5', '2021-02-18 17:09:19', '2021-02-18 17:09:19'),
(4, 'تویتر', 'fi-twitter-2', 'https://twitter.com/ABP_Bahrami', '#1da1f2', '2021-02-18 17:10:04', '2021-02-18 17:10:04'),
(5, 'فیسبوک', 'fi-facebook-2', 'https://facebook.com/abp.bahrami', '#0077b5', '2021-02-18 17:10:33', '2021-02-18 17:10:42');

-- --------------------------------------------------------

--
-- Table structure for table `users`
--

CREATE TABLE `users` (
  `id` bigint(20) UNSIGNED NOT NULL,
  `full_name` varchar(255) COLLATE utf8mb4_unicode_ci NOT NULL,
  `email` varchar(255) COLLATE utf8mb4_unicode_ci NOT NULL,
  `image_id` bigint(20) UNSIGNED DEFAULT NULL,
  `password` varchar(255) COLLATE utf8mb4_unicode_ci NOT NULL,
  `remember_token` varchar(100) COLLATE utf8mb4_unicode_ci DEFAULT NULL,
  `created_at` timestamp NULL DEFAULT NULL,
  `updated_at` timestamp NULL DEFAULT NULL
) ENGINE=InnoDB DEFAULT CHARSET=utf8mb4 COLLATE=utf8mb4_unicode_ci;

--
-- Dumping data for table `users`
--

INSERT INTO `users` (`id`, `full_name`, `email`, `image_id`, `password`, `remember_token`, `created_at`, `updated_at`) VALUES
(1, 'فرید شیشه بری', 'faridnewepc78@gmail.com', 89, '$2y$10$mTfcmHMnZ6lKvQc.VJZJ9.W/yMFVtrwUQ6IDW0lTJnDL3197qY.m6', 'EAJwh8nyj50D02Dx9cjpGe8DJ3sbnlvghccMM9ZtnPNUFByCYzPiC8FtUjLd', '2021-02-19 16:24:55', '2021-02-24 16:53:33');

-- --------------------------------------------------------

--
-- Table structure for table `work`
--

CREATE TABLE `work` (
  `id` bigint(20) UNSIGNED NOT NULL,
  `title` varchar(255) COLLATE utf8mb4_unicode_ci NOT NULL,
  `text` text COLLATE utf8mb4_unicode_ci NOT NULL,
  `image_id` bigint(20) UNSIGNED DEFAULT NULL,
  `created_at` timestamp NULL DEFAULT NULL,
  `updated_at` timestamp NULL DEFAULT NULL
) ENGINE=InnoDB DEFAULT CHARSET=utf8mb4 COLLATE=utf8mb4_unicode_ci;

--
-- Dumping data for table `work`
--

INSERT INTO `work` (`id`, `title`, `text`, `image_id`, `created_at`, `updated_at`) VALUES
(1, 'برنامه نویس سایت', 'بالای 12 سال هست که بصورت تخصصی دارم برنامه نویسی سایت انجام میدم. توی این مدت تجربه‌های زیادی کسب کردم. معمولاً سرعتم توی انجام پروژه‌های مربوط به سایت زیاده. سایتی که برنامه نویسی می‌کنم معمولاً باگ نداره. در مورد امنیت سایت هم که سعی می‌کنم همه موارد رو ذره به ذره چک کنم که یه وقت کسی نیاد سایتی که نوشتم رو هک کنه و یا سوء استفاده کنه ازش.', 78, '2021-02-18 17:04:42', '2021-02-18 17:04:42'),
(2, 'برنامه نویس موبایل', 'برنامه نویسی موبایل رو هم دارم کار می‌کنم. هر بار که پروژه‌ای می‌نویسم، کلاس‌هایی رو برای خودم آماده می‌کنم که توی پروژه‌های بعدی ازشون استفاده می‌کنم. اینطوری سرعت انجام پروژه‌ها و کیفیتشون بالاتر میره. توی برنامه نویسی موبایل هم سعی می‌کنم موقع نوشتن و تحلیل پروژه، خودم رو محدود نکنم تا اگر در آینده مشتری ازم خواست که تغییری انجام بدم، خیلی سریع و بدون نیاز به تغییرات زیاد براش اوکی کنم.', 79, '2021-02-18 17:05:01', '2021-02-18 17:05:01'),
(3, 'متخصص امنیت سایبری', 'امنیت یکی از چیزایی هست که خییییییلی دوست دارم. خیلی جذابه. معمولاً اکثر سایت‌ها مشکلات امنیتی دارن. از باگ‌های کوچیک گرفته تا باگ‌هایی که خیلی ضایع هستن و خیلی کارها میشه انجام داد باهاش. خیلی از سایت‌های مهم باگ امنیتی دارن. حتی بعضی از سایت‌هایی که اطلاعات بسیار محرمانه دارن!\r\nیکی از کارهایی که انجام میدم اینه که باگ امنیتی سایت‌ها و نرم افزارها رو پیدا می‌کنم و به صاحبانشون اطلاع میدم. سوء استفاده نمیکنم. فقط چک میکنم که باگ داره یا نه و اطلاع میدم.', 80, '2021-02-18 17:05:12', '2021-02-18 17:05:12');

--
-- Indexes for dumped tables
--

--
-- Indexes for table `contact`
--
ALTER TABLE `contact`
  ADD PRIMARY KEY (`id`);

--
-- Indexes for table `contact_info`
--
ALTER TABLE `contact_info`
  ADD PRIMARY KEY (`id`),
  ADD KEY `contact_info_image_id_foreign` (`image_id`);

--
-- Indexes for table `customer`
--
ALTER TABLE `customer`
  ADD PRIMARY KEY (`id`);

--
-- Indexes for table `expertise`
--
ALTER TABLE `expertise`
  ADD PRIMARY KEY (`id`),
  ADD UNIQUE KEY `expertise_slug_unique` (`slug`),
  ADD KEY `expertise_image_id_foreign` (`image_id`);

--
-- Indexes for table `media`
--
ALTER TABLE `media`
  ADD PRIMARY KEY (`id`);

--
-- Indexes for table `migrations`
--
ALTER TABLE `migrations`
  ADD PRIMARY KEY (`id`);

--
-- Indexes for table `payment`
--
ALTER TABLE `payment`
  ADD PRIMARY KEY (`id`);

--
-- Indexes for table `portfolio`
--
ALTER TABLE `portfolio`
  ADD PRIMARY KEY (`id`),
  ADD UNIQUE KEY `portfolio_slug_unique` (`slug`),
  ADD KEY `portfolio_portfolio_category_id_foreign` (`portfolio_category_id`),
  ADD KEY `portfolio_image_id_foreign` (`image_id`);

--
-- Indexes for table `portfolio_category`
--
ALTER TABLE `portfolio_category`
  ADD PRIMARY KEY (`id`),
  ADD UNIQUE KEY `portfolio_category_slug_unique` (`slug`);

--
-- Indexes for table `portfolio_expertise`
--
ALTER TABLE `portfolio_expertise`
  ADD PRIMARY KEY (`id`),
  ADD KEY `portfolio_expertise_portfolio_id_foreign` (`portfolio_id`),
  ADD KEY `portfolio_expertise_expertise_id_foreign` (`expertise_id`);

--
-- Indexes for table `portfolio_slider`
--
ALTER TABLE `portfolio_slider`
  ADD PRIMARY KEY (`id`),
  ADD KEY `portfolio_slider_portfolio_id_foreign` (`portfolio_id`),
  ADD KEY `portfolio_slider_image_id_foreign` (`image_id`);

--
-- Indexes for table `post`
--
ALTER TABLE `post`
  ADD PRIMARY KEY (`id`),
  ADD UNIQUE KEY `post_slug_unique` (`slug`),
  ADD KEY `post_post_category_id_foreign` (`post_category_id`),
  ADD KEY `post_image_id_foreign` (`image_id`);

--
-- Indexes for table `post_category`
--
ALTER TABLE `post_category`
  ADD PRIMARY KEY (`id`),
  ADD UNIQUE KEY `post_category_slug_unique` (`slug`),
  ADD KEY `post_category_image_id_foreign` (`image_id`);

--
-- Indexes for table `post_comment`
--
ALTER TABLE `post_comment`
  ADD PRIMARY KEY (`id`),
  ADD KEY `post_comment_post_id_foreign` (`post_id`),
  ADD KEY `post_comment_parent_id_foreign` (`parent_id`);

--
-- Indexes for table `post_like`
--
ALTER TABLE `post_like`
  ADD PRIMARY KEY (`id`),
  ADD KEY `post_like_post_id_foreign` (`post_id`);

--
-- Indexes for table `post_view`
--
ALTER TABLE `post_view`
  ADD PRIMARY KEY (`id`),
  ADD KEY `post_view_post_id_foreign` (`post_id`);

--
-- Indexes for table `resume`
--
ALTER TABLE `resume`
  ADD PRIMARY KEY (`id`),
  ADD UNIQUE KEY `name` (`name`);

--
-- Indexes for table `setting`
--
ALTER TABLE `setting`
  ADD PRIMARY KEY (`id`);

--
-- Indexes for table `social`
--
ALTER TABLE `social`
  ADD PRIMARY KEY (`id`);

--
-- Indexes for table `users`
--
ALTER TABLE `users`
  ADD PRIMARY KEY (`id`),
  ADD UNIQUE KEY `users_email_unique` (`email`),
  ADD KEY `users_image_id_foreign` (`image_id`);

--
-- Indexes for table `work`
--
ALTER TABLE `work`
  ADD PRIMARY KEY (`id`),
  ADD KEY `work_image_id_foreign` (`image_id`);

--
-- AUTO_INCREMENT for dumped tables
--

--
-- AUTO_INCREMENT for table `contact`
--
ALTER TABLE `contact`
  MODIFY `id` bigint(20) UNSIGNED NOT NULL AUTO_INCREMENT, AUTO_INCREMENT=2;

--
-- AUTO_INCREMENT for table `contact_info`
--
ALTER TABLE `contact_info`
  MODIFY `id` bigint(20) UNSIGNED NOT NULL AUTO_INCREMENT, AUTO_INCREMENT=7;

--
-- AUTO_INCREMENT for table `customer`
--
ALTER TABLE `customer`
  MODIFY `id` bigint(20) UNSIGNED NOT NULL AUTO_INCREMENT, AUTO_INCREMENT=4;

--
-- AUTO_INCREMENT for table `expertise`
--
ALTER TABLE `expertise`
  MODIFY `id` bigint(20) UNSIGNED NOT NULL AUTO_INCREMENT, AUTO_INCREMENT=39;

--
-- AUTO_INCREMENT for table `media`
--
ALTER TABLE `media`
  MODIFY `id` bigint(20) UNSIGNED NOT NULL AUTO_INCREMENT, AUTO_INCREMENT=107;

--
-- AUTO_INCREMENT for table `migrations`
--
ALTER TABLE `migrations`
  MODIFY `id` int(10) UNSIGNED NOT NULL AUTO_INCREMENT, AUTO_INCREMENT=23;

--
-- AUTO_INCREMENT for table `payment`
--
ALTER TABLE `payment`
  MODIFY `id` bigint(20) UNSIGNED NOT NULL AUTO_INCREMENT, AUTO_INCREMENT=17;

--
-- AUTO_INCREMENT for table `portfolio`
--
ALTER TABLE `portfolio`
  MODIFY `id` bigint(20) UNSIGNED NOT NULL AUTO_INCREMENT, AUTO_INCREMENT=11;

--
-- AUTO_INCREMENT for table `portfolio_category`
--
ALTER TABLE `portfolio_category`
  MODIFY `id` bigint(20) UNSIGNED NOT NULL AUTO_INCREMENT, AUTO_INCREMENT=4;

--
-- AUTO_INCREMENT for table `portfolio_expertise`
--
ALTER TABLE `portfolio_expertise`
  MODIFY `id` bigint(20) UNSIGNED NOT NULL AUTO_INCREMENT, AUTO_INCREMENT=98;

--
-- AUTO_INCREMENT for table `portfolio_slider`
--
ALTER TABLE `portfolio_slider`
  MODIFY `id` bigint(20) UNSIGNED NOT NULL AUTO_INCREMENT, AUTO_INCREMENT=25;

--
-- AUTO_INCREMENT for table `post`
--
ALTER TABLE `post`
  MODIFY `id` bigint(20) UNSIGNED NOT NULL AUTO_INCREMENT, AUTO_INCREMENT=9;

--
-- AUTO_INCREMENT for table `post_category`
--
ALTER TABLE `post_category`
  MODIFY `id` bigint(20) UNSIGNED NOT NULL AUTO_INCREMENT, AUTO_INCREMENT=7;

--
-- AUTO_INCREMENT for table `post_comment`
--
ALTER TABLE `post_comment`
  MODIFY `id` bigint(20) UNSIGNED NOT NULL AUTO_INCREMENT, AUTO_INCREMENT=33;

--
-- AUTO_INCREMENT for table `post_like`
--
ALTER TABLE `post_like`
  MODIFY `id` bigint(20) UNSIGNED NOT NULL AUTO_INCREMENT, AUTO_INCREMENT=75;

--
-- AUTO_INCREMENT for table `post_view`
--
ALTER TABLE `post_view`
  MODIFY `id` bigint(20) UNSIGNED NOT NULL AUTO_INCREMENT, AUTO_INCREMENT=5;

--
-- AUTO_INCREMENT for table `resume`
--
ALTER TABLE `resume`
  MODIFY `id` bigint(20) UNSIGNED NOT NULL AUTO_INCREMENT, AUTO_INCREMENT=62;

--
-- AUTO_INCREMENT for table `setting`
--
ALTER TABLE `setting`
  MODIFY `id` bigint(20) UNSIGNED NOT NULL AUTO_INCREMENT, AUTO_INCREMENT=2;

--
-- AUTO_INCREMENT for table `social`
--
ALTER TABLE `social`
  MODIFY `id` bigint(20) UNSIGNED NOT NULL AUTO_INCREMENT, AUTO_INCREMENT=7;

--
-- AUTO_INCREMENT for table `users`
--
ALTER TABLE `users`
  MODIFY `id` bigint(20) UNSIGNED NOT NULL AUTO_INCREMENT, AUTO_INCREMENT=2;

--
-- AUTO_INCREMENT for table `work`
--
ALTER TABLE `work`
  MODIFY `id` bigint(20) UNSIGNED NOT NULL AUTO_INCREMENT, AUTO_INCREMENT=5;

--
-- Constraints for dumped tables
--

--
-- Constraints for table `contact_info`
--
ALTER TABLE `contact_info`
  ADD CONSTRAINT `contact_info_image_id_foreign` FOREIGN KEY (`image_id`) REFERENCES `media` (`id`) ON DELETE SET NULL ON UPDATE CASCADE;

--
-- Constraints for table `expertise`
--
ALTER TABLE `expertise`
  ADD CONSTRAINT `expertise_image_id_foreign` FOREIGN KEY (`image_id`) REFERENCES `media` (`id`) ON DELETE SET NULL ON UPDATE CASCADE;

--
-- Constraints for table `portfolio`
--
ALTER TABLE `portfolio`
  ADD CONSTRAINT `portfolio_image_id_foreign` FOREIGN KEY (`image_id`) REFERENCES `media` (`id`) ON DELETE SET NULL ON UPDATE CASCADE,
  ADD CONSTRAINT `portfolio_portfolio_category_id_foreign` FOREIGN KEY (`portfolio_category_id`) REFERENCES `portfolio_category` (`id`) ON DELETE SET NULL ON UPDATE CASCADE;

--
-- Constraints for table `portfolio_expertise`
--
ALTER TABLE `portfolio_expertise`
  ADD CONSTRAINT `portfolio_expertise_expertise_id_foreign` FOREIGN KEY (`expertise_id`) REFERENCES `expertise` (`id`) ON DELETE CASCADE ON UPDATE CASCADE,
  ADD CONSTRAINT `portfolio_expertise_portfolio_id_foreign` FOREIGN KEY (`portfolio_id`) REFERENCES `expertise` (`id`) ON DELETE CASCADE ON UPDATE CASCADE;

--
-- Constraints for table `portfolio_slider`
--
ALTER TABLE `portfolio_slider`
  ADD CONSTRAINT `portfolio_slider_image_id_foreign` FOREIGN KEY (`image_id`) REFERENCES `media` (`id`) ON DELETE CASCADE ON UPDATE CASCADE,
  ADD CONSTRAINT `portfolio_slider_portfolio_id_foreign` FOREIGN KEY (`portfolio_id`) REFERENCES `media` (`id`) ON DELETE CASCADE ON UPDATE CASCADE;

--
-- Constraints for table `post`
--
ALTER TABLE `post`
  ADD CONSTRAINT `post_image_id_foreign` FOREIGN KEY (`image_id`) REFERENCES `media` (`id`) ON DELETE SET NULL ON UPDATE CASCADE,
  ADD CONSTRAINT `post_post_category_id_foreign` FOREIGN KEY (`post_category_id`) REFERENCES `post_category` (`id`) ON DELETE SET NULL ON UPDATE CASCADE;

--
-- Constraints for table `post_category`
--
ALTER TABLE `post_category`
  ADD CONSTRAINT `post_category_image_id_foreign` FOREIGN KEY (`image_id`) REFERENCES `media` (`id`) ON DELETE SET NULL ON UPDATE CASCADE;

--
-- Constraints for table `post_comment`
--
ALTER TABLE `post_comment`
  ADD CONSTRAINT `post_comment_parent_id_foreign` FOREIGN KEY (`parent_id`) REFERENCES `post_comment` (`id`) ON DELETE CASCADE ON UPDATE CASCADE,
  ADD CONSTRAINT `post_comment_post_id_foreign` FOREIGN KEY (`post_id`) REFERENCES `post` (`id`) ON DELETE CASCADE ON UPDATE CASCADE;

--
-- Constraints for table `post_like`
--
ALTER TABLE `post_like`
  ADD CONSTRAINT `post_like_post_id_foreign` FOREIGN KEY (`post_id`) REFERENCES `post` (`id`) ON DELETE CASCADE ON UPDATE CASCADE;

--
-- Constraints for table `post_view`
--
ALTER TABLE `post_view`
  ADD CONSTRAINT `post_view_post_id_foreign` FOREIGN KEY (`post_id`) REFERENCES `post` (`id`) ON DELETE CASCADE ON UPDATE CASCADE;

--
-- Constraints for table `users`
--
ALTER TABLE `users`
  ADD CONSTRAINT `users_image_id_foreign` FOREIGN KEY (`image_id`) REFERENCES `media` (`id`) ON DELETE SET NULL ON UPDATE CASCADE;

--
-- Constraints for table `work`
--
ALTER TABLE `work`
  ADD CONSTRAINT `work_image_id_foreign` FOREIGN KEY (`image_id`) REFERENCES `media` (`id`) ON DELETE SET NULL ON UPDATE CASCADE;
COMMIT;

/*!40101 SET CHARACTER_SET_CLIENT=@OLD_CHARACTER_SET_CLIENT */;
/*!40101 SET CHARACTER_SET_RESULTS=@OLD_CHARACTER_SET_RESULTS */;
/*!40101 SET COLLATION_CONNECTION=@OLD_COLLATION_CONNECTION */;
